Code;Red;Green;Blue
f300;246;243;230
f301;247;244;227
f302;251;242;217
f303;249;240;216
f304;249;240;216
f305;244;235;214
f306;248;235;209
f307;251;241;222
f308;250;232;209
f309;247;240;228
f310;244;236;222
f311;250;229;202
f312;250;233;218
f313;244;236;223
f314;251;230;208
f315;250;232;214
f316;249;238;234
f317;246;232;221
f318;246;230;224
f319;250;235;227
f320;244;227;221
f321;247;228;222
f322;247;219;219
f323;248;226;225
f324;249;211;215
f325;244;229;226
f326;247;222;219
f327;250;220;224
f328;243;212;218
f329;251;234;231
f330;245;210;216
f331;249;224;228
f332;245;220;224
f333;244;229;226
f334;244;229;226
f335;246;231;230
f336;247;229;228
f337;246;231;230
f338;242;219;227
f339;243;227;236
f340;244;233;237
f341;224;208;227
f342;239;224;234
f343;235;233;238
f344;230;225;229
f345;230;226;230
f346;229;227;237
f347;232;233;238
f348;228;229;235
f349;219;223;234
f350;226;230;236
f351;221;231;238
f352;227;231;236
f353;221;230;236
f354;216;230;238
f355;211;229;238
f356;208;222;235
f357;220;229;230
f358;232;239;237
f359;227;236;235
f360;220;235;235
f361;214;233;235
f362;218;231;232
f363;209;233;237
f364;218;234;235
f365;227;235;235
f366;216;232;234
f367;214;233;235
f368;227;231;225
f369;228;239;234
f370;232;238;230
f371;229;238;237
f372;231;241;232
f373;234;242;232
f374;234;236;228
f375;225;239;218
f376;232;234;224
f377;232;236;227
f378;236;239;230
f379;227;231;221
f380;215;235;197
f381;234;241;224
f382;240;242;220
f383;241;245;227
f384;235;240;229
f385;241;240;222
f386;241;240;230
f387;236;241;207
f388;247;244;223
f389;242;236;213
f390;243;242;228
f391;243;237;206
f392;246;231;198
f393;245;233;200
f394;240;234;217
f395;248;241;226
f396;244;236;220
f397;243;236;220
f398;245;232;214
f399;248;240;229
f400;252;236;217
f401;251;224;198
f402;251;227;203
f403;251;227;203
f404;246;228;209
f405;250;233;214
f406;252;227;212
f407;245;224;210
f408;240;225;217
f409;244;222;206
f410;247;230;223
f411;248;221;212
f412;239;212;205
f413;244;227;221
f414;241;224;216
f415;239;222;218
f416;244;227;221
f417;244;229;226
f418;241;224;222
f419;242;230;229
f420;238;231;230
f421;244;233;237
f422;244;228;222
f423;246;229;229
f424;233;209;217
f425;244;233;237
f426;236;231;230
f427;224;221;226
f428;219;220;221
f429;225;231;231
f430;228;232;238
f431;215;230;238
f432;223;231;238
f433;216;225;237
f434;228;232;238
f435;230;234;233
f436;218;229;230
f437;227;236;234
f438;214;223;225
f439;227;233;228
f440;224;230;225
f441;233;240;236
f442;228;233;224
f443;239;243;238
f444;225;228;221
f445;229;233;226
f446;241;240;236
f447;238;238;229
f448;241;241;234
f449;247;244;231
f450;234;235;224
f451;234;233;221
f452;231;232;212
f453;235;231;216
f454;243;235;216
f455;238;236;224
f456;244;237;228
f457;237;232;222
f458;241;233;221
f459;238;229;214
f460;240;235;227
f461;245;235;221
f462;244;235;222
f463;242;230;220
f464;241;231;221
f465;238;224;212
f466;235;223;207
f467;242;231;221
f468;238;233;230
f469;242;228;219
f470;242;231;220
f471;241;232;225
f472;238;224;216
f473;234;215;206
f474;236;223;216
f475;235;223;221
f476;240;227;221
f477;244;235;233
f478;238;229;229
f479;236;225;223
f480;239;230;224
f481;238;232;230
f482;234;231;225
f483;229;221;216
f484;235;232;224
f485;239;235;226
f486;236;235;229
f487;229;227;220
f488;228;225;226
f489;213;217;222
f490;217;223;227
f491;232;235;233
f492;231;232;231
f493;234;237;235
f494;234;237;235
f495;229;230;230
f496;228;232;230
f497;241;241;236
f498;233;237;233
f499;233;234;232
f500;231;232;231
f501;237;232;229
f502;233;232;236
g300;249;239;216
g301;248;241;216
g302;252;235;182
g303;251;238;205
g304;250;235;197
g305;245;231;199
g306;250;234;206
g307;251;238;205
g308;248;221;185
g309;250;233;212
g310;251;226;190
g311;251;226;195
g312;249;219;195
g313;253;236;218
g314;251;221;192
g315;248;223;204
g316;252;225;211
g317;249;219;202
g318;246;216;207
g319;252;227;218
g320;247;216;204
g321;247;218;212
g322;245;209;209
g323;247;214;213
g324;251;201;205
g325;245;209;208
g326;238;193;195
g327;246;188;198
g328;244;199;209
g329;247;218;225
g330;237;185;200
g331;245;209;216
g332;239;193;200
g333;239;216;219
g334;242;211;213
g335;242;221;218
g336;243;214;220
g337;240;218;225
g338;238;207;222
g339;234;214;223
g340;232;212;224
g341;213;192;215
g342;230;211;228
g343;227;220;234
g344;223;218;231
g345;218;211;228
g346;210;207;232
g347;209;213;233
g348;200;209;227
g349;193;206;228
g350;216;222;233
g351;208;223;236
g352;211;221;233
g353;195;211;229
g354;207;224;234
g355;186;214;233
g356;189;215;233
g357;198;219;228
g358;204;226;230
g359;203;223;227
g360;187;229;239
g361;188;223;231
g362;188;218;230
g363;181;223;234
g364;191;221;225
g365;191;226;234
g366;191;226;229
g367;182;215;218
g368;217;228;222
g369;193;219;215
g370;223;233;223
g371;215;238;229
g372;219;238;228
g373;211;234;220
g374;220;237;226
g375;200;231;195
g376;207;221;198
g377;220;227;213
g378;228;240;213
g379;217;228;206
g380;185;221;163
g381;213;232;195
g382;235;241;211
g383;233;239;215
g384;223;230;215
g385;237;237;213
g386;231;230;210
g387;232;233;189
g388;243;239;195
g389;243;236;192
g390;249;240;201
g391;240;229;177
g392;241;219;164
g393;246;225;183
g394;242;229;205
g395;238;218;190
g396;245;230;205
g397;244;232;198
g398;240;222;198
g399;250;233;215
g400;244;213;179
g401;251;215;183
g402;251;218;188
g403;245;213;185
g404;245;211;182
g405;252;226;200
g406;248;211;188
g407;243;211;191
g408;233;208;192
g409;248;217;197
g410;246;221;209
g411;247;210;197
g412;238;205;197
g413;245;225;219
g414;242;214;205
g415;233;212;207
g416;235;207;200
g417;230;197;197
g418;239;203;198
g419;241;221;219
g420;235;223;221
g421;243;221;224
g422;241;220;213
g423;242;210;211
g424;228;194;204
g425;226;209;220
g426;227;218;219
g427;213;210;217
g428;205;205;210
g429;207;215;215
g430;215;225;237
g431;198;220;234
g432;206;220;232
g433;206;215;228
g434;215;224;237
g435;214;225;232
g436;194;214;219
g437;207;228;236
g438;203;214;218
g439;215;222;218
g440;204;217;216
g441;220;231;227
g442;223;233;223
g443;228;239;229
g444;208;212;201
g445;218;222;211
g446;232;233;223
g447;225;228;217
g448;229;228;215
g449;248;243;214
g450;226;225;207
g451;232;230;206
g452;229;223;195
g453;228;218;193
g454;235;221;190
g455;236;232;219
g456;244;233;207
g457;227;219;202
g458;222;210;193
g459;230;216;195
g460;233;215;187
g461;235;216;197
g462;238;222;206
g463;236;221;206
g464;235;223;211
g465;229;208;190
g466;228;205;181
g467;233;218;204
g468;230;217;208
g469;235;214;202
g470;240;224;209
g471;235;219;209
g472;231;209;200
g473;223;196;184
g474;226;213;207
g475;234;217;211
g476;236;218;215
g477;231;211;204
g478;229;216;216
g479;229;215;212
g480;231;219;211
g481;213;204;199
g482;229;223;217
g483;213;204;197
g484;230;222;212
g485;233;228;219
g486;219;214;207
g487;219;215;207
g488;209;208;211
g489;200;205;213
g490;207;217;222
g491;224;230;230
g492;223;226;227
g493;227;233;232
g494;227;230;225
g495;220;221;216
g496;226;228;228
g497;232;231;225
g498;221;225;226
g499;220;222;219
g500;220;223;224
g501;231;223;222
g502;229;229;233
h300;252;232;179
h301;252;234;178
h302;252;226;163
h303;255;229;170
h304;255;226;159
h305;250;221;176
h306;253;227;190
h307;251;220;174
h308;253;216;165
h309;251;229;204
h310;254;216;161
h311;255;217;164
h312;251;208;179
h313;251;220;198
h314;250;206;174
h315;255;200;169
h316;254;186;155
h317;253;205;183
h318;242;192;181
h319;249;214;204
h320;243;195;183
h321;245;206;200
h322;249;194;193
h323;247;196;196
h324;245;167;171
h325;245;187;189
h326;225;154;158
h327;234;152;165
h328;239;180;192
h329;244;182;198
h330;233;163;183
h331;240;190;201
h332;233;176;185
h333;230;195;201
h334;233;193;200
h335;240;204;208
h336;238;185;200
h337;240;208;220
h338;235;199;219
h339;227;198;210
h340;224;195;211
h341;194;163;195
h342;210;187;218
h343;208;195;223
h344;205;204;226
h345;201;193;226
h346;196;193;228
h347;187;194;226
h348;178;192;223
h349;163;182;216
h350;192;204;227
h351;177;203;230
h352;198;214;229
h353;179;200;222
h354;178;208;228
h355;145;191;224
h356;162;201;230
h357;163;207;228
h358;187;218;230
h359;171;211;229
h360;142;214;236
h361;154;208;226
h362;159;200;216
h363;143;208;227
h364;175;215;226
h365;160;216;232
h366;161;216;222
h367;153;195;199
h368;191;222;220
h369;165;201;197
h370;195;223;216
h371;157;227;213
h372;192;230;215
h373;176;226;203
h374;183;220;201
h375;174;220;179
h376;188;209;185
h377;197;213;195
h378;196;219;190
h379;187;221;162
h380;151;205;136
h381;204;231;178
h382;221;236;191
h383;214;224;188
h384;211;221;198
h385;228;232;200
h386;226;223;186
h387;227;227;170
h388;237;233;164
h389;236;229;174
h390;252;239;186
h391;236;218;151
h392;240;210;145
h393;249;216;159
h394;238;215;181
h395;238;200;152
h396;248;216;178
h397;251;226;175
h398;240;211;174
h399;246;221;193
h400;235;193;152
h401;232;186;143
h402;250;209;173
h403;241;200;166
h404;242;197;164
h405;244;209;185
h406;246;196;170
h407;236;194;171
h408;230;196;177
h409;243;193;166
h410;241;205;191
h411;239;183;166
h412;232;188;180
h413;232;189;181
h414;238;203;192
h415;232;198;194
h416;228;190;185
h417;213;173;171
h418;232;177;174
h419;228;192;192
h420;224;197;193
h421;236;200;204
h422;244;200;194
h423;236;197;203
h424;215;174;187
h425;209;186;201
h426;206;196;204
h427;199;193;203
h428;187;189;199
h429;185;197;204
h430;207;217;231
h431;147;185;208
h432;184;201;218
h433;181;197;216
h434;203;215;229
h435;186;207;221
h436;175;202;213
h437;179;213;229
h438;189;206;211
h439;193;206;204
h440;168;195;193
h441;192;214;212
h442;198;216;208
h443;190;215;200
h444;168;178;165
h445;197;204;188
h446;210;212;197
h447;215;219;205
h448;215;217;199
h449;231;233;204
h450;216;210;184
h451;214;211;180
h452;207;200;164
h453;199;183;144
h454;221;203;162
h455;223;219;198
h456;234;212;174
h457;206;194;169
h458;209;196;175
h459;222;205;181
h460;210;186;148
h461;231;208;187
h462;224;200;177
h463;233;212;197
h464;224;202;185
h465;220;195;173
h466;218;194;171
h467;209;185;166
h468;221;206;195
h469;228;202;187
h470;233;210;189
h471;226;198;182
h472;223;196;186
h473;203;167;153
h474;204;181;175
h475;228;205;199
h476;225;199;196
h477;213;182;175
h478;202;183;182
h479;214;194;190
h480;221;206;196
h481;201;189;185
h482;208;196;188
h483;204;191;181
h484;221;212;201
h485;217;207;195
h486;207;200;192
h487;202;197;189
h488;195;195;198
h489;192;197;206
h490;191;204;213
h491;207;216;217
h492;204;210;211
h493;206;214;212
h494;215;221;212
h495;209;211;205
h496;212;216;215
h497;228;225;217
h498;209;215;217
h499;201;204;202
h500;209;215;217
h501;221;211;210
h502;224;222;226
j300;250;226;155
j301;252;228;161
j302;251;220;138
j303;255;214;135
j304;255;216;131
j305;252;207;137
j306;254;214;158
j307;255;212;147
j308;255;203;127
j309;255;216;173
j310;253;204;138
j311;254;204;141
j312;255;197;155
j313;253;203;168
j314;254;172;127
j315;254;188;151
j316;247;158;122
j317;248;174;145
j318;235;159;142
j319;245;164;154
j320;238;155;142
j321;240;182;172
j322;248;168;173
j323;238;162;163
j324;230;132;142
j325;235;150;151
j326;216;139;144
j327;231;130;145
j328;230;143;159
j329;225;145;165
j330;226;142;163
j331;236;156;172
j332;225;157;169
j333;222;167;176
j334;223;172;181
j335;225;162;173
j336;227;141;165
j337;220;166;191
j338;224;166;202
j339;212;172;187
j340;195;149;174
j341;163;122;158
j342;200;172;213
j343;194;179;215
j344;190;186;215
j345;185;178;220
j346;158;155;209
j347;160;169;215
j348;153;175;217
j349;142;165;205
j350;163;181;214
j351;134;168;211
j352;178;203;226
j353;158;185;214
j354;136;179;212
j355;111;169;211
j356;128;177;217
j357;141;189;217
j358;112;185;221
j359;105;175;207
j360;83;193;229
j361;108;182;214
j362;121;184;211
j363;103;181;203
j364;103;193;213
j365;74;186;208
j366;70;185;198
j367;111;164;170
j368;143;189;189
j369;124;167;160
j370;166;214;204
j371;92;205;184
j372;144;218;194
j373;130;207;175
j374;148;200;173
j375;107;187;117
j376;143;174;139
j377;179;199;177
j378;168;201;162
j379;127;180;114
j380;123;183;117
j381;166;218;134
j382;200;224;148
j383;186;205;152
j384;189;204;173
j385;216;222;167
j386;205;202;142
j387;215;216;147
j388;226;220;130
j389;232;223;155
j390;251;229;153
j391;228;208;130
j392;226;190;124
j393;242;207;143
j394;233;198;139
j395;230;180;120
j396;244;204;159
j397;251;218;154
j398;232;184;116
j399;244;202;160
j400;224;172;119
j401;216;162;109
j402;242;185;136
j403;239;188;146
j404;230;170;129
j405;237;192;166
j406;237;172;140
j407;228;177;148
j408;215;165;141
j409;207;128;101
j410;218;157;138
j411;231;163;145
j412;229;168;160
j413;209;149;138
j414;224;164;153
j415;224;181;175
j416;196;146;142
j417;181;117;115
j418;195;125;124
j419;203;151;151
j420;213;174;172
j421;232;182;187
j422;223;168;164
j423;203;139;152
j424;189;141;157
j425;180;149;169
j426;188;177;187
j427;182;176;187
j428;175;179;191
j429;165;180;193
j430;193;206;225
j431;111;151;181
j432;159;182;206
j433;161;181;205
j434;191;205;223
j435;154;184;204
j436;164;194;205
j437;146;186;206
j438;163;186;194
j439;174;186;184
j440;150;178;175
j441;155;183;179
j442;146;177;166
j443;144;181;162
j444;137;151;138
j445;172;181;161
j446;191;194;177
j447;188;193;172
j448;180;186;164
j449;191;192;166
j450;186;179;144
j451;199;197;165
j452;182;170;121
j453;173;155;106
j454;195;171;114
j455;196;189;161
j456;225;199;161
j457;188;172;144
j458;199;181;156
j459;198;176;143
j460;187;161;121
j461;213;178;145
j462;202;169;141
j463;219;188;165
j464;213;186;167
j465;204;171;152
j466;198;167;141
j467;182;151;129
j468;190;165;147
j469;207;169;147
j470;217;181;155
j471;205;160;139
j472;205;171;158
j473;188;143;129
j474;182;144;128
j475;194;161;154
j476;193;150;145
j477;172;126;119
j478;184;159;156
j479;201;178;175
j480;211;193;182
j481;179;165;158
j482;190;171;158
j483;185;164;147
j484;206;191;176
j485;194;181;169
j486;185;174;163
j487;184;179;171
j488;183;181;183
j489;184;191;201
j490;167;184;196
j491;183;200;203
j492;190;198;202
j493;182;193;191
j494;203;211;200
j495;194;197;190
j496;202;205;205
j497;209;208;198
j498;196;202;206
j499;188;190;187
j500;196;203;207
j501;209;198;197
j502;215;212;220
k300;255;216;121
k301;255;219;118
k302;255;205;74
k303;255;198;106
k304;255;205;113
k305;255;190;99
k306;253;201;137
k307;255;201;124
k308;255;193;99
k309;255;190;122
k310;251;186;108
k311;244;180;105
k312;255;178;121
k313;255;174;121
k314;238;143;93
k315;247;147;99
k316;242;129;96
k317;234;143;115
k318;216;114;94
k319;237;138;126
k320;229;133;123
k321;227;129;124
k322;223;115;121
k323;225;127;127
k324;226;105;112
k325;228;131;134
k326;199;98;100
k327;218;94;106
k328;223;121;137
k329;215;108;127
k330;202;101;122
k331;215;122;138
k332;210;117;129
k333;199;121;134
k334;203;136;151
k335;205;121;136
k336;210;115;142
k337;188;120;149
k338;203;129;175
k339;193;139;159
k340;171;119;149
k341;127;87;119
k342;155;116;169
k343;170;154;199
k344;134;122;174
k345;134;126;182
k346;118;112;176
k347;110;120;181
k348;103;125;180
k349;102;127;180
k350;107;125;162
k351;101;135;189
k352;118;156;203
k353;96;139;183
k354;90;150;204
k355;78;135;188
k356;59;141;195
k357;59;133;171
k358;1;145;197
k359;0;141;188
k360;0;126;180
k361;51;146;191
k362;75;155;187
k363;50;148;174
k364;26;144;170
k365;0;152;177
k366;34;167;177
k367;50;133;140
k368;82;145;143
k369;69;120;113
k370;127;189;182
k371;0;156;126
k372;56;182;141
k373;76;169;136
k374;112;171;140
k375;75;158;104
k376;109;139;109
k377;141;168;132
k378;109;148;116
k379;91;154;87
k380;107;165;96
k381;136;188;108
k382;147;186;88
k383;146;168;85
k384;149;168;117
k385;182;189;131
k386;182;178;107
k387;192;198;113
k388;207;201;77
k389;219;204;116
k390;247;215;117
k391;223;200;116
k392;218;177;101
k393;228;184;107
k394;215;177;116
k395;210;165;113
k396;213;164;108
k397;248;204;125
k398;225;168;99
k399;239;188;140
k400;211;151;98
k401;204;143;85
k402;227;155;95
k403;219;158;112
k404;214;147;103
k405;218;155;117
k406;225;154;114
k407;211;142;106
k408;201;132;104
k409;187;103;76
k410;200;129;108
k411;216;132;109
k412;207;125;114
k413;187;111;95
k414;201;124;115
k415;201;141;131
k416;173;117;113
k417;161;96;92
k418;183;108;107
k419;181;118;118
k420;194;127;128
k421;203;139;146
k422;185;122;123
k423;177;105;120
k424;174;117;134
k425;148;106;127
k426;163;147;156
k427;160;149;164
k428;136;140;153
k429;128;147;162
k430;162;182;208
k431;82;123;154
k432;114;150;181
k433;132;158;188
k434;163;183;205
k435;115;153;182
k436;111;145;163
k437;65;124;150
k438;127;158;166
k439;148;164;161
k440;130;161;157
k441;134;164;160
k442;115;147;137
k443;92;138;121
k444;122;136;124
k445;138;151;133
k446;167;169;151
k447;159;163;139
k448;156;162;134
k449;137;140;110
k450;163;151;108
k451;180;175;127
k452;165;150;100
k453;157;139;91
k454;174;150;91
k455;179;166;125
k456;195;160;108
k457;165;152;123
k458;172;153;123
k459;174;148;113
k460;146;122;94
k461;190;150;114
k462;122;91;73
k463;196;157;125
k464;180;144;122
k465;166;124;102
k466;172;132;105
k467;150;118;99
k468;158;129;110
k469;189;144;116
k470;185;138;113
k471;179;133;113
k472;169;121;105
k473;166;116;102
k474;142;103;90
k475;159;104;89
k476;158;113;107
k477;152;109;102
k478;153;125;123
k479;171;142;136
k480;183;160;144
k481;160;146;139
k482;155;133;116
k483;161;140;123
k484;185;166;148
k485;160;146;133
k486;164;153;142
k487;166;161;153
k488;165;163;166
k489;173;178;188
k490;156;171;184
k491;162;182;189
k492;179;189;193
k493;166;176;172
k494;189;198;185
k495;179;181;172
k496;186;189;188
k497;196;196;187
k498;186;193;198
k499;170;172;170
k500;181;190;195
k501;185;175;176
k502;203;199;206
l300;255;200;36
l301;255;204;75
l302;255;194;39
l303;254;178;59
l304;255;183;61
l305;255;175;61
l306;255;178;84
l307;255;185;87
l308;255;169;55
l309;254;162;68
l310;253;172;80
l311;240;158;68
l312;252;161;99
l313;255;148;94
l314;234;130;76
l315;231;114;70
l316;222;100;72
l317;227;121;97
l318;198;99;78
l319;155;86;79
l320;220;99;89
l321;210;95;82
l322;211;89;93
l323;216;87;87
l324;220;96;105
l325;203;85;95
l326;184;82;83
l327;212;82;93
l328;216;100;113
l329;201;80;98
l330;184;74;89
l331;183;80;97
l332;180;81;90
l333;177;94;104
l334;163;85;99
l335;183;88;108
l336;186;85;113
l337;165;87;118
l338;174;87;136
l339;163;88;119
l340;153;99;129
l341;106;74;99
l342;116;81;130
l343;138;115;170
l344;104;93;144
l345;102;95;151
l346;75;72;117
l347;87;96;157
l348;89;109;166
l349;86;110;165
l350;82;97;132
l351;77;108;166
l352;75;108;156
l353;65;94;138
l354;39;111;173
l355;58;109;164
l356;24;108;166
l357;47;107;144
l358;0;126;184
l359;0;115;161
l360;34;81;125
l361;40;113;151
l362;33;114;149
l363;20;115;142
l364;0;120;145
l365;0;125;148
l366;0;137;147
l367;0;103;106
l368;61;120;118
l369;41;75;70
l370;63;134;123
l371;0;120;103
l372;0;150;108
l373;48;145;115
l374;90;150;119
l375;61;137;91
l376;89;115;88
l377;84;115;82
l378;86;120;92
l379;55;120;62
l380;88;147;79
l381;82;146;63
l382;114;165;62
l383;116;148;56
l384;121;142;90
l385;135;137;82
l386;152;145;71
l387;166;168;76
l388;193;191;57
l389;199;181;62
l390;230;190;51
l391;206;181;99
l392;192;148;74
l393;214;167;97
l394;185;139;69
l395;187;139;89
l396;197;143;91
l397;247;182;79
l398;210;147;69
l399;206;150;98
l400;188;128;78
l401;181;119;65
l402;212;134;74
l403;206;140;94
l404;207;137;89
l405;195;121;85
l406;207;129;88
l407;179;111;80
l408;177;105;81
l409;154;78;63
l410;180;103;80
l411;197;106;84
l412;174;92;80
l413;173;94;79
l414;188;101;92
l415;170;101;92
l416;150;91;84
l417;136;72;69
l418;169;93;89
l419;162;93;89
l420;151;86;87
l421;179;95;99
l422;149;87;91
l423;156;82;92
l424;156;101;118
l425;128;89;107
l426;129;110;119
l427;128;116;133
l428;111;115;128
l429;83;100;118
l430;116;132;155
l431;71;105;135
l432;85;118;151
l433;89;119;150
l434;117;148;180
l435;82;123;155
l436;81;117;137
l437;57;92;117
l438;73;108;119
l439;126;142;140
l440;89;124;121
l441;104;137;136
l442;97;127;117
l443;73;119;105
l444;101;115;105
l445;113;126;108
l446;123;128;111
l447;130;133;108
l448;131;137;108
l449;106;112;90
l450;126;115;75
l451;148;144;96
l452;154;139;90
l453;138;122;76
l454;154;131;74
l455;159;145;109
l456;162;132;85
l457;143;129;101
l458;155;136;108
l459;128;106;78
l460;125;103;77
l461;149;109;77
l462;90;74;65
l463;150;109;78
l464;140;101;85
l465;147;104;83
l466;137;100;75
l467;133;99;81
l468;135;102;83
l469;172;121;92
l470;166;109;83
l471;160;108;88
l472;147;97;81
l473;152;101;86
l474;110;78;67
l475;138;87;73
l476;134;88;81
l477;115;77;68
l478;121;90;85
l479;133;103;97
l480;145;122;111
l481;131;113;104
l482;116;96;84
l483;135;110;95
l484;122;101;83
l485;136;119;105
l486;116;100;87
l487;132;123;114
l488;150;148;149
l489;149;153;163
l490;146;163;177
l491;134;158;164
l492;158;172;175
l493;149;161;160
l494;171;182;168
l495;171;172;163
l496;167;171;171
l497;187;185;178
l498;172;177;181
l499;138;139;137
l500;168;175;181
l501;157;145;146
l502;188;184;193
m300;255;196;7
m301;255;198;52
m302;254;183;0
m303;253;170;15
m304;253;171;15
m305;255;171;52
m306;247;162;51
m307;255;166;53
m308;255;161;39
m309;250;148;58
m310;237;139;51
m311;223;137;54
m312;246;136;54
m313;232;121;69
m314;230;114;69
m315;229;106;64
m316;212;95;73
m317;207;99;80
m318;194;88;70
m319;193;81;64
m320;197;68;58
m321;194;71;61
m322;190;72;76
m323;192;51;54
m324;204;68;75
m325;172;63;64
m326;166;72;69
m327;194;60;64
m328;195;72;88
m329;183;62;73
m330;168;65;75
m331;178;66;86
m332;171;72;79
m333;163;81;89
m334;141;69;83
m335;152;65;86
m336;159;66;93
m337;153;67;103
m338;159;73;115
m339;102;66;75
m340;120;73;94
m341;88;65;80
m342;108;75;120
m343;103;82;133
m344;80;75;112
m345;69;67;92
m346;66;64;84
m347;66;71;115
m348;67;77;129
m349;72;84;120
m350;61;67;96
m351;64;86;138
m352;49;72;113
m353;57;71;103
m354;45;98;160
m355;54;86;136
m356;34;85;128
m357;54;69;89
m358;0;98;149
m359;0;98;142
m360;53;66;100
m361;27;84;119
m362;38;97;128
m363;33;99;125
m364;37;98;118
m365;0;101;123
m366;22;88;101
m367;26;86;89
m368;46;95;101
m369;55;79;76
m370;33;96;94
m371;3;97;82
m372;0;128;90
m373;3;112;88
m374;71;120;92
m375;50;102;69
m376;64;88;67
m377;62;88;69
m378;58;93;65
m379;56;99;64
m380;72;133;71
m381;63;118;68
m382;109;159;67
m383;88;118;71
m384;106;122;76
m385;107;113;66
m386;116;113;66
m387;150;149;69
m388;167;172;69
m389;189;166;33
m390;209;171;24
m391;198;177;87
m392;182;138;66
m393;187;138;76
m394;156;117;62
m395;160;115;62
m396;169;117;69
m397;226;163;67
m398;198;137;61
m399;177;119;68
m400;149;101;66
m401;159;101;59
m402;194;115;59
m403;176;110;71
m404;168;100;63
m405;162;92;64
m406;175;101;62
m407;133;85;68
m408;152;82;65
m409;139;83;72
m410;165;88;68
m411;146;75;64
m412;160;81;68
m413;141;72;63
m414;146;67;61
m415;124;74;65
m416;121;74;66
m417;116;67;65
m418;135;67;61
m419;138;68;62
m420;119;67;65
m421;144;67;61
m422;104;66;66
m423;138;66;70
m424;130;80;93
m425;96;68;75
m426;111;95;105
m427;117;107;125
m428;93;99;113
m429;69;82;96
m430;84;99;122
m431;49;83;108
m432;62;89;119
m433;80;101;128
m434;68;91;127
m435;64;102;133
m436;63;91;108
m437;57;79;99
m438;67;80;85
m439;86;103;101
m440;56;74;74
m441;75;105;103
m442;70;93;85
m443;78;105;98
m444;85;97;89
m445;86;98;90
m446;93;96;82
m447;116;120;101
m448;106;113;87
m449;91;91;74
m450;113;102;66
m451;119;116;75
m452;122;109;66
m453;110;95;64
m454;144;124;74
m455;127;113;81
m456;127;100;67
m457;116;104;80
m458;123;105;77
m459;118;100;76
m460;95;79;65
m461;119;94;73
m462;84;73;66
m463;121;88;63
m464;109;81;64
m465;120;84;64
m466;118;84;64
m467;120;89;72
m468;111;82;67
m469;136;93;72
m470;125;83;65
m471;136;88;73
m472;127;84;70
m473;137;84;70
m474;102;77;67
m475;106;74;66
m476;120;75;66
m477;101;73;67
m478;104;73;67
m479;114;82;78
m480;98;82;73
m481;97;78;69
m482;97;79;69
m483;91;75;66
m484;105;88;73
m485;101;88;76
m486;90;76;67
m487;83;77;70
m488;129;125;127
m489;139;143;153
m490;130;146;159
m491;109;133;139
m492;134;152;155
m493;124;138;139
m494;147;157;147
m495;154;156;144
m496;156;160;158
m497;173;170;163
m498;146;151;153
m499;125;127;126
m500;152;161;167
m501;139;128;129
m502;170;164;172
n300;239;183;52
n301;240;188;60
n302;240;181;0
n303;236;163;43
n304;245;158;24
n305;230;147;51
n306;235;160;42
n307;246;170;84
n308;241;159;61
n309;216;128;48
n310;204;126;67
n311;205;123;57
n312;243;127;47
n313;202;102;54
n314;223;112;70
n315;199;103;69
n316;188;90;71
n317;168;79;58
n318;182;94;73
n319;196;96;82
n320;205;97;88
n321;164;79;68
n322;185;75;78
n323;181;65;66
n324;199;65;71
n325;160;71;72
n326;159;74;74
n327;182;61;59
n328;185;82;98
n329;173;66;84
n330;156;66;72
n331;153;81;90
n332;163;80;89
n333;148;77;81
n334;139;73;87
n335;153;73;93
n336;133;65;94
n337;151;91;117
n338;149;80;112
n339;127;78;98
n340;105;76;91
n341;123;90;113
n342;111;85;118
n343;103;89;121
n344;101;97;143
n345;86;85;113
n346;82;80;123
n347;86;96;146
n348;80;91;117
n349;83;97;138
n350;83;91;112
n351;79;115;162
n352;72;108;153
n353;74;111;157
n354;59;90;131
n355;60;105;152
n356;48;85;116
n357;53;74;92
n358;14;91;137
n359;39;77;104
n360;41;80;112
n361;39;78;103
n362;55;103;130
n363;35;99;121
n364;33;113;137
n365;41;104;125
n366;40;96;109
n367;58;112;119
n368;70;113;114
n369;65;100;95
n370;56;113;109
n371;1;110;93
n372;43;131;99
n373;32;107;91
n374;68;116;99
n375;66;100;79
n376;66;85;71
n377;84;116;88
n378;67;74;65
n379;98;127;99
n380;71;125;72
n381;90;121;85
n382;137;172;91
n383;82;108;81
n384;99;118;85
n385;116;121;88
n386;136;135;97
n387;136;141;74
n388;196;194;122
n389;207;191;109
n390;222;195;105
n391;194;171;79
n392;172;132;61
n393;177;130;69
n394;138;108;74
n395;137;103;67
n396;138;102;65
n397;207;153;76
n398;188;133;72
n399;160;114;69
n400;149;109;77
n401;147;105;72
n402;181;113;61
n403;188;121;81
n404;183;118;85
n405;158;90;68
n406;164;98;64
n407;147;95;71
n408;137;89;74
n409;152;79;64
n410;144;86;68
n411;164;92;77
n412;136;71;64
n413;149;77;64
n414;131;71;64
n415;108;74;66
n416;114;74;65
n417;103;67;66
n418;125;70;65
n419;121;69;66
n420;122;74;66
n421;158;76;75
n422;132;77;77
n423;153;88;92
n424;127;89;101
n425;105;78;84
n426;119;108;117
n427;117;108;118
n428;95;100;109
n429;69;81;95
n430;92;104;120
n431;57;80;103
n432;69;96;120
n433;84;97;119
n434;61;88;117
n435;77;98;115
n436;92;122;132
n437;72;110;125
n438;81;105;113
n439;86;96;94
n440;87;122;123
n441;79;99;101
n442;68;83;78
n443;87;119;110
n444;93;100;92
n445;102;116;105
n446;113;120;105
n447;88;92;79
n448;104;109;90
n449;85;85;70
n450;106;103;73
n451;118;114;75
n452;153;146;104
n453;133;118;74
n454;149;128;87
n455;118;106;80
n456;150;120;83
n457;107;96;74
n458;119;112;93
n459;135;115;89
n460;125;103;78
n461;137;104;74
n462;86;78;72
n463;115;87;66
n464;98;78;70
n465;114;89;75
n466;134;107;86
n467;124;103;91
n468;104;80;67
n469;134;93;72
n470;113;79;66
n471;121;88;74
n472;125;85;74
n473;148;111;100
n474;119;89;77
n475;108;75;66
n476;121;91;87
n477;107;76;66
n478;124;93;89
n479;106;80;76
n480;107;89;77
n481;98;82;73
n482;90;76;68
n483;89;76;68
n484;144;124;107
n485;112;99;87
n486;91;80;72
n487;105;97;87
n488;111;108;109
n489;126;130;138
n490;112;129;141
n491;94;115;122
n492;126;145;149
n493;108;122;124
n494;130;140;132
n495;139;142;130
n496;132;137;136
n497;144;142;132
n498;130;135;137
n499;104;106;106
n500;142;151;158
n501;110;101;102
n502;136;128;135
s300;242;194;77
s301;243;211;120
s302;238;193;86
s303;245;173;54
s304;248;163;26
s305;242;165;70
s306;247;182;84
s307;252;185;100
s308;255;173;53
s309;202;120;47
s310;224;144;78
s311;218;140;81
s312;239;147;87
s313;238;137;85
s314;234;133;87
s315;209;119;76
s316;217;109;84
s317;176;85;62
s318;193;107;88
s319;212;118;105
s320;220;107;96
s321;180;98;94
s322;204;82;94
s323;204;96;104
s324;211;92;106
s325;180;87;94
s326;181;93;99
s327;198;89;98
s328;202;106;126
s329;200;93;118
s330;164;80;89
s331;179;96;108
s332;178;95;108
s333;191;117;126
s334;154;85;105
s335;178;96;123
s336;166;87;119
s337;191;136;163
s338;171;99;133
s339;149;87;115
s340;136;96;123
s341;140;106;131
s342;142;114;154
s343;133;117;156
s344;138;132;178
s345;133;126;166
s346;112;116;157
s347;111;121;158
s348;105;117;147
s349;130;153;188
s350;103;112;136
s351;110;145;188
s352;119;148;181
s353;105;145;188
s354;75;121;167
s355;80;130;177
s356;118;164;194
s357;53;98;128
s358;81;165;201
s359;37;114;150
s360;0;123;165
s361;36;105;138
s362;73;123;149
s363;36;128;153
s364;48;145;170
s365;59;125;147
s366;10;128;145
s367;134;170;172
s368;116;154;150
s369;131;163;160
s370;88;147;140
s371;0;161;138
s372;79;180;145
s373;87;141;124
s374;136;168;155
s375;122;161;127
s376;88;114;101
s377;102;138;110
s378;91;104;92
s379;128;159;131
s380;96;153;88
s381;162;181;132
s382;170;197;130
s383;119;140;101
s384;151;164;128
s385;141;148;115
s386;172;172;132
s387;163;167;99
s388;209;207;136
s389;219;204;130
s390;232;207;127
s391;206;188;104
s392;202;158;82
s393;200;157;97
s394;163;129;78
s395;177;140;98
s396;166;125;84
s397;218;164;79
s398;205;149;80
s399;190;137;87
s400;189;143;104
s401;164;121;85
s402;207;136;79
s403;209;143;98
s404;196;133;99
s405;188;117;87
s406;176;108;69
s407;167;107;78
s408;197;148;131
s409;172;89;63
s410;163;103;84
s411;192;121;104
s412;180;110;100
s413;169;97;84
s414;161;96;91
s415;123;77;70
s416;147;96;83
s417;135;104;98
s418;149;84;78
s419;155;96;96
s420;141;105;100
s421;167;85;86
s422;156;103;102
s423;167;104;110
s424;161;123;138
s425;125;96;107
s426;146;134;140
s427;168;161;172
s428;139;143;151
s429;97;112;125
s430;154;163;177
s431;94;119;143
s432;115;139;157
s433;115;148;174
s434;79;122;157
s435;114;139;156
s436;114;146;160
s437;105;147;163
s438;110;135;145
s439;138;150;151
s440;113;143;140
s441;92;115;116
s442;129;153;145
s443;124;162;152
s444;114;123;115
s445;128;143;132
s446;154;156;138
s447;117;122;106
s448;125;130;112
s449;119;123;100
s450;136;133;91
s451;153;146;104
s452;165;151;102
s453;158;140;93
s454;183;162;120
s455;137;123;94
s456;181;153;115
s457;132;119;92
s458;170;162;140
s459;158;135;103
s460;161;139;110
s461;187;154;120
s462;125;103;88
s463;146;115;93
s464;129;99;85
s465;122;94;79
s466;156;130;107
s467;136;115;102
s468;118;91;76
s469;163;119;94
s470;156;110;85
s471;166;130;112
s472;161;119;105
s473;176;146;136
s474;167;131;122
s475;140;103;92
s476;139;115;113
s477;139;107;94
s478;152;124;121
s479;128;101;96
s480;150;129;118
s481;140;125;118
s482;131;112;99
s483;156;140;123
s484;155;137;117
s485;137;123;109
s486;159;146;132
s487;140;135;125
s488;94;90;92
s489;106;110;120
s490;106;122;134
s491;86;103;109
s492;113;129;133
s493;89;102;104
s494;113;123;114
s495;122;125;116
s496;119;124;123
s497;134;131;121
s498;115;120;123
s499;89;91;91
s500;117;123;129
s501;96;87;87
s502;115;104;112
v300;241;205;100
v301;248;224;138
v302;242;207;117
v303;255;200;105
v304;253;177;54
v305;253;217;159
v306;242;202;152
v307;255;212;136
v308;249;189;101
v309;249;161;75
v310;236;171;114
v311;239;176;128
v312;244;172;125
v313;249;172;125
v314;244;162;119
v315;229;146;102
v316;224;134;111
v317;213;126;103
v318;231;157;137
v319;247;167;149
v320;235;148;134
v321;220;154;151
v322;223;126;134
v323;235;151;154
v324;201;126;134
v325;213;155;160
v326;205;140;146
v327;221;145;156
v328;221;150;169
v329;217;126;147
v330;192;119;127
v331;197;122;136
v332;198;123;136
v333;224;183;187
v334;205;141;159
v335;203;125;147
v336;206;138;168
v337;216;174;195
v338;188;125;161
v339;180;132;160
v340;183;149;175
v341;176;148;175
v342;166;139;177
v343;157;141;177
v344;191;187;213
v345;185;179;212
v346;167;171;205
v347;170;179;208
v348;139;149;174
v349;160;177;205
v350;133;147;175
v351;143;172;210
v352;161;187;214
v353;156;181;204
v354;116;158;191
v355;147;184;209
v356;161;194;217
v357;106;160;188
v358;134;199;224
v359;111;174;199
v360;100;186;214
v361;86;163;198
v362;129;180;202
v363;89;165;188
v364;148;196;210
v365;122;174;189
v366;98;177;193
v367;181;202;203
v368;183;209;204
v369;164;198;193
v370;132;184;176
v371;92;194;177
v372;140;206;181
v373;151;196;178
v374;173;199;189
v375;168;193;165
v376;112;139;123
v377;172;190;170
v378;131;146;130
v379;170;193;167
v380;120;173;107
v381;195;211;170
v382;198;217;170
v383;157;176;137
v384;175;187;158
v385;187;194;166
v386;194;195;164
v387;208;206;147
v388;220;218;156
v389;227;217;158
v390;241;222;160
v391;230;213;136
v392;221;192;129
v393;218;177;118
v394;197;166;114
v395;200;166;130
v396;198;160;120
v397;234;190;118
v398;217;165;99
v399;214;165;115
v400;212;173;135
v401;196;154;116
v402;220;168;123
v403;220;160;112
v404;233;179;145
v405;213;148;116
v406;200;135;96
v407;194;141;110
v408;215;179;165
v409;230;152;118
v410;204;151;133
v411;221;171;158
v412;204;151;142
v413;200;138;128
v414;180;121;117
v415;149;95;83
v416;191;149;138
v417;184;152;148
v418;187;124;118
v419;189;138;139
v420;175;143;136
v421;197;123;126
v422;187;149;148
v423;208;163;172
v424;170;135;152
v425;145;116;130
v426;189;181;188
v427;193;190;199
v428;192;193;199
v429;159;169;177
v430;181;190;202
v431;126;149;170
v432;156;180;193
v433;166;189;205
v434;114;148;180
v435;159;179;193
v436;169;189;197
v437;152;186;200
v438;151;168;173
v439;186;196;193
v440;183;197;195
v441;119;144;144
v442;182;201;193
v443;148;183;176
v444;147;156;149
v445;159;172;157
v446;194;195;176
v447;174;178;165
v448;169;175;159
v449;173;172;147
v450;195;192;166
v451;197;189;156
v452;211;199;162
v453;183;166;120
v454;213;199;163
v455;165;150;117
v456;207;175;129
v457;157;142;114
v458;196;188;169
v459;199;183;159
v460;187;167;138
v461;210;179;152
v462;211;180;145
v463;187;158;130
v464;175;146;130
v465;188;163;146
v466;192;168;145
v467;154;135;122
v468;141;113;96
v469;208;175;154
v470;211;184;170
v471;185;150;135
v472;185;147;132
v473;196;172;164
v474;187;160;152
v475;193;165;157
v476;161;135;132
v477;159;133;121
v478;181;157;155
v479;167;147;143
v480;206;190;180
v481;189;177;174
v482;185;168;156
v483;184;171;158
v484;195;182;167
v485;184;176;166
v486;184;175;165
v487;190;185;176
v488;78;75;77
v489;87;90;100
v490;91;106;117
v491;72;83;89
v492;95;111;115
v493;77;86;88
v494;89;96;90
v495;108;111;101
v496;104;108;108
v497;109;109;103
v498;103;109;112
v499;76;77;78
v500;105;111;116
v501;88;79;80
v502;94;86;92
x300;246;225;147
x301;251;234;172
x302;246;226;166
x303;245;217;163
x304;255;199;102
x305;245;228;195
x306;241;218;182
x307;249;224;193
x308;246;203;137
x309;255;183;115
x310;245;197;151
x311;240;200;163
x312;247;217;191
x313;252;210;184
x314;243;185;154
x315;240;182;146
x316;242;168;148
x317;238;176;158
x318;242;191;175
x319;247;212;197
x320;249;215;206
x321;239;203;200
x322;247;199;193
x323;244;213;211
x324;244;179;182
x325;226;184;187
x326;237;191;199
x327;238;183;192
x328;237;190;202
x329;233;171;188
x330;217;160;168
x331;230;177;186
x332;222;185;191
x333;230;202;201
x334;239;180;191
x335;229;189;194
x336;225;193;206
x337;228;199;211
x338;224;185;208
x339;222;193;211
x340;205;177;197
x341;206;185;207
x342;199;181;208
x343;203;198;223
x344;206;202;219
x345;218;212;226
x346;195;197;221
x347;198;204;224
x348;199;206;222
x349;190;202;221
x350;175;184;204
x351;165;194;223
x352;178;199;222
x353;193;209;224
x354;182;207;222
x355;180;207;224
x356;200;217;230
x357;164;202;218
x358;193;218;228
x359;191;216;223
x360;189;225;233
x361;135;196;223
x362;166;203;218
x363;148;204;221
x364;197;222;228
x365;173;203;213
x366;188;220;225
x367;205;218;216
x368;214;228;226
x369;206;224;219
x370;167;207;200
x371;166;225;214
x372;192;227;214
x373;197;221;208
x374;206;225;212
x375;209;219;202
x376;155;179;167
x377;223;230;219
x378;185;196;177
x379;216;227;213
x380;158;205;141
x381;212;221;184
x382;219;229;194
x383;190;203;170
x384;207;214;193
x385;201;204;182
x386;223;224;210
x387;227;219;168
x388;235;233;193
x389;236;229;189
x390;249;239;207
x391;240;228;173
x392;233;210;151
x393;231;197;152
x394;209;186;152
x395;217;188;155
x396;207;179;143
x397;243;208;139
x398;234;193;139
x399;237;205;173
x400;222;186;150
x401;218;185;154
x402;241;192;149
x403;241;192;147
x404;245;206;179
x405;233;183;157
x406;237;188;150
x407;218;181;159
x408;226;197;187
x409;240;187;158
x410;227;188;174
x411;233;192;179
x412;222;179;172
x413;226;195;184
x414;210;145;139
x415;210;171;163
x416;206;169;159
x417;217;184;179
x418;217;161;152
x419;222;190;193
x420;210;187;176
x421;228;186;191
x422;218;194;192
x423;231;201;205
x424;189;159;176
x425;180;159;174
x426;211;202;204
x427;215;214;221
x428;212;208;209
x429;176;187;197
x430;206;213;221
x431;181;192;201
x432;173;194;206
x433;209;221;228
x434;173;192;211
x435;200;212;220
x436;186;201;207
x437;204;218;222
x438;182;195;198
x439;207;216;212
x440;213;218;216
x441;167;190;190
x442;216;228;222
x443;180;207;200
x444;183;193;190
x445;179;193;181
x446;216;218;201
x447;205;209;200
x448;195;201;188
x449;202;196;166
x450;217;215;201
x451;227;221;200
x452;219;212;182
x453;205;192;157
x454;224;212;189
x455;202;190;165
x456;229;210;180
x457;197;184;156
x458;215;209;193
x459;210;198;178
x460;214;202;183
x461;225;202;177
x462;228;204;176
x463;206;185;167
x464;208;182;165
x465;213;196;185
x466;223;207;192
x467;189;173;162
x468;185;161;144
x469;219;189;170
x470;226;206;193
x471;214;186;169
x472;213;186;174
x473;221;206;200
x474;212;192;186
x475;215;192;185
x476;195;176;176
x477;210;191;184
x478;206;189;188
x479;188;173;171
x480;229;218;210
x481;209;201;195
x482;205;190;177
x483;203;189;179
x484;209;198;185
x485;217;210;203
x486;213;209;202
x487;201;197;188
x488;74;71;72
x489;68;70;76
x490;70;82;92
x491;67;74;78
x492;78;89;93
x493;71;77;79
x494;73;76;72
x495;96;99;90
x496;93;97;97
x497;89;86;80
x498;84;89;92
x499;72;74;74
x500;94;98;102
x501;76;67;66
x502;79;73;78
y300;244;234;206
y301;250;237;197
y302;242;232;208
y303;250;228;186
y304;246;227;184
y305;244;235;216
y306;245;232;212
y307;244;235;219
y308;250;221;165
y309;255;206;142
y310;245;231;211
y311;250;221;189
y312;246;230;213
y313;243;224;207
y314;251;216;188
y315;247;220;198
y316;248;208;195
y317;246;222;215
y318;247;218;208
y319;246;229;219
y320;241;226;220
y321;241;219;212
y322;250;217;209
y323;244;229;227
y324;247;194;198
y325;231;208;208
y326;242;215;218
y327;246;214;218
y328;238;214;221
y329;241;198;207
y330;240;210;216
y331;244;213;211
y332;232;202;202
y333;238;220;219
y334;244;211;217
y335;237;222;226
y336;240;222;221
y337;233;213;219
y338;236;204;222
y339;236;224;233
y340;227;209;220
y341;224;209;225
y342;220;206;224
y343;222;218;231
y344;225;224;232
y345;228;223;233
y346;218;218;231
y347;220;223;233
y348;215;219;229
y349;211;220;230
y350;212;217;227
y351;211;220;232
y352;212;221;232
y353;219;227;233
y354;198;217;229
y355;206;224;232
y356;218;228;235
y357;209;227;230
y358;222;235;235
y359;224;236;235
y360;211;230;233
y361;193;224;236
y362;215;229;231
y363;209;229;233
y364;216;231;232
y365;211;223;226
y366;227;233;232
y367;217;227;225
y368;227;236;235
y369;224;234;229
y370;191;224;212
y371;214;235;227
y372;217;232;225
y373;218;232;222
y374;221;232;222
y375;228;234;224
y376;213;224;215
y377;236;238;230
y378;205;217;203
y379;230;236;224
y380;204;225;188
y381;228;233;209
y382;232;238;214
y383;229;233;210
y384;233;237;228
y385;227;227;214
y386;235;235;228
y387;239;234;201
y388;247;244;220
y389;243;236;210
y390;248;241;219
y391;244;235;194
y392;238;223;187
y393;242;227;202
y394;241;233;219
y395;225;207;185
y396;222;198;166
y397;245;215;156
y398;238;215;180
y399;241;217;191
y400;236;211;183
y401;235;217;197
y402;244;213;183
y403;243;221;194
y404;247;225;207
y405;244;226;214
y406;245;220;200
y407;233;207;190
y408;233;210;203
y409;244;224;211
y410;242;217;206
y411;237;206;197
y412;237;209;204
y413;235;210;199
y414;224;196;193
y415;221;188;182
y416;220;189;179
y417;241;220;219
y418;233;202;202
y419;235;206;205
y420;230;221;218
y421;238;209;211
y422;227;206;201
y423;240;227;225
y424;211;189;201
y425;206;188;199
y426;226;220;220
y427;227;227;232
y428;228;225;225
y429;206;213;219
y430;214;223;234
y431;203;210;215
y432;223;229;235
y433;222;230;238
y434;215;225;237
y435;220;227;232
y436;202;214;218
y437;211;223;225
y438;203;214;216
y439;228;231;226
y440;223;226;223
y441;195;212;213
y442;233;239;236
y443;207;224;218
y444;216;223;221
y445;219;225;217
y446;233;231;219
y447;228;231;226
y448;225;231;226
y449;244;238;210
y450;233;232;222
y451;236;232;213
y452;232;227;207
y453;222;213;187
y454;238;230;215
y455;228;220;202
y456;240;235;223
y457;215;204;182
y458;230;225;212
y459;232;226;213
y460;232;225;212
y461;242;228;213
y462;232;221;206
y463;224;208;193
y464;228;211;199
y465;232;221;212
y466;231;218;207
y467;215;204;195
y468;223;207;196
y469;231;213;201
y470;236;223;213
y471;233;219;206
y472;228;208;198
y473;230;221;218
y474;228;213;207
y475;225;206;200
y476;221;208;209
y477;233;223;219
y478;221;207;206
y479;206;199;200
y480;236;229;224
y481;229;225;220
y482;225;216;210
y483;225;216;207
y484;223;212;200
y485;228;219;209
y486;227;226;222
y487;216;212;202
y488;67;65;65
y489;64;65;67
y490;63;66;70
y491;62;64;66
y492;62;66;68
y493;62;64;65
y494;66;70;69
y495;79;80;73
y496;78;81;81
y497;75;73;68
y498;60;60;60
y499;65;66;66
y500;78;82;85
y501;70;66;65
y502;69;65;67
