Code;Hue;Saturation;Value
h437;0.55333334;0.2183406;0.8980392
h438;0.53787875;0.1042654;0.827451
h439;0.47435895;0.0631068;0.80784315
s431;0.5816326;0.34265736;0.56078434
s430;0.60144925;0.1299435;0.69411767
s426;0.9166667;0.08219178;0.57254905
s425;0.9367816;0.232;0.49019608
s428;0.6111111;0.0794702;0.5921569
s427;0.77272725;0.06395349;0.6745098
s422;0.003086418;0.34615386;0.6117647
s421;0.9979675;0.49101797;0.654902
s424;0.93421054;0.23602484;0.6313726
s423;0.984127;0.37724552;0.654902
h430;0.59722227;0.103896104;0.90588236
h431;0.5628415;0.29326922;0.8156863
h432;0.5833333;0.1559633;0.85490197
h433;0.5904762;0.16203703;0.84705883
h434;0.5897436;0.11353712;0.8980392
s429;0.57738096;0.224;0.49019608
h435;0.56666666;0.15837105;0.8666667
h436;0.5482456;0.17840375;0.8352941
h426;0.8666667;0.048543688;0.80784315
h427;0.76666665;0.049261082;0.79607844
h428;0.6388889;0.06030151;0.78039217
h429;0.5614035;0.09313726;0.8
s420;0.020325204;0.29078013;0.5529412
s415;0.022012582;0.43089432;0.48235294
s414;0.011904766;0.4347826;0.6313726
s417;0.027027031;0.27407408;0.5294118
s416;0.033854168;0.43537414;0.5764706
s411;0.03219697;0.45833334;0.7529412
s410;0.04008439;0.48466256;0.6392157
s413;0.025490195;0.5029586;0.6627451
s412;0.020833334;0.44444445;0.7058824
h420;0.021505376;0.13839285;0.8784314
h421;0.9814815;0.15254237;0.9254902
h422;0.020000001;0.20491803;0.95686275
s419;0.0;0.38064516;0.60784316
h423;0.974359;0.16525424;0.9254902
s418;0.014084508;0.47651008;0.58431375
h424;0.94715446;0.19069767;0.84313726
h425;0.8913044;0.11004785;0.81960785
h459;0.09756098;0.18468468;0.87058824
s451;0.14285715;0.32026145;0.6
s450;0.15555556;0.33088234;0.53333336
s453;0.12051282;0.4113924;0.61960787
s452;0.12962963;0.38181818;0.64705884
s448;0.21296294;0.13846155;0.50980395
s447;0.21875;0.13114753;0.47843137
s449;0.19565217;0.18699187;0.48235294
s444;0.35185185;0.07317073;0.48235294
s443;0.45614037;0.2345679;0.63529414
s446;0.1851852;0.115384616;0.6117647
h450;0.13541667;0.14814815;0.84705883
s445;0.37777779;0.10489511;0.56078434
h451;0.15196078;0.1588785;0.8392157
h452;0.13953488;0.20772947;0.8117647
h453;0.118181825;0.2763819;0.78039217
h454;0.115819216;0.26696834;0.8666667
h455;0.14;0.11210762;0.8745098
h456;0.10555556;0.25641027;0.91764706
h457;0.11261261;0.17961165;0.80784315
h458;0.10294118;0.16267942;0.81960785
h448;0.1851852;0.08294931;0.8509804
h449;0.1781609;0.12446352;0.9137255
s440;0.48333335;0.20979021;0.56078434
s442;0.44444445;0.15686275;0.6
s441;0.5069444;0.20689656;0.45490196
s437;0.54597706;0.35582823;0.6392157
s436;0.5507247;0.2875;0.627451
s439;0.5128205;0.08609272;0.5921569
s438;0.54761904;0.2413793;0.5686275
s433;0.57344633;0.33908045;0.68235296
s432;0.57142854;0.26751593;0.6156863
s435;0.5674603;0.26923078;0.6117647
s434;0.57478637;0.4968153;0.6156863
h440;0.48765433;0.13846155;0.7647059
h441;0.4848485;0.10280374;0.8392157
h442;0.42592594;0.083333336;0.84705883
h443;0.4;0.11627907;0.84313726
h444;0.2948718;0.073033705;0.69803923
h445;0.23958333;0.078431375;0.8
h446;0.1888889;0.070754714;0.83137256
h447;0.21428573;0.06392694;0.85882354
s473;0.041666668;0.22727273;0.6901961
s472;0.041666668;0.3478261;0.6313726
v500;0.57575756;0.094827585;0.45490196
s475;0.038194448;0.34285715;0.54901963
s474;0.03333333;0.26946107;0.654902
s471;0.055555552;0.3253012;0.6509804
s470;0.05868544;0.4551282;0.6117647
s469;0.060386468;0.42331287;0.6392157
s466;0.0782313;0.31410256;0.6117647
h470;0.07954546;0.18884121;0.9137255
s465;0.058139533;0.352459;0.47843137
h471;0.060606062;0.19469027;0.8862745
s468;0.05952381;0.3559322;0.4627451
h472;0.045045048;0.16591929;0.8745098
s467;0.063725494;0.25;0.53333336
h473;0.046666663;0.24630542;0.79607844
h474;0.03448276;0.14215687;0.8
h475;0.03448276;0.12719299;0.89411765
k501;0.98333335;0.054054055;0.7254902
h476;0.01724138;0.12888889;0.88235295
k500;0.5595238;0.071794875;0.7647059
h477;0.030701756;0.17840375;0.8352941
h478;0.008333336;0.0990099;0.7921569
k502;0.7619048;0.033980582;0.80784315
h479;0.027777782;0.11214953;0.8392157
s462;0.067567565;0.296;0.49019608
s461;0.08457711;0.35828876;0.73333335
s464;0.0530303;0.34108528;0.5058824
s463;0.06918239;0.36301368;0.57254905
s460;0.09477124;0.3167702;0.6313726
s459;0.0969697;0.34810126;0.61960787
s458;0.12222222;0.1764706;0.6666667
s455;0.112403095;0.3138686;0.5372549
s454;0.111111104;0.3442623;0.7176471
h460;0.10215054;0.2952381;0.8235294
s457;0.112500004;0.3030303;0.5176471
h461;0.07954546;0.1904762;0.90588236
s456;0.0959596;0.3646409;0.70980394
h462;0.081560284;0.20982143;0.8784314
h463;0.06944445;0.15450644;0.9137255
h464;0.07264957;0.17410715;0.8784314
h465;0.07801419;0.21363637;0.8627451
h466;0.081560284;0.21559633;0.85490197
h467;0.07364341;0.20574163;0.81960785
h468;0.070512824;0.11764706;0.8666667
h469;0.06097561;0.17982456;0.89411765
s495;0.22222221;0.072;0.49019608
s494;0.35;0.08130081;0.48235294
s497;0.12820514;0.09701493;0.5254902
s496;0.46666667;0.04032258;0.4862745
s491;0.54347825;0.21100917;0.42745098
s490;0.57142854;0.20895523;0.5254902
s493;0.5222222;0.14423077;0.40784314
s492;0.5333333;0.15037593;0.52156866
h490;0.5681818;0.103286386;0.8352941
h491;0.51666665;0.04608295;0.8509804
s488;0.9166667;0.04255319;0.36862746
h492;0.5238095;0.033175357;0.827451
s487;0.111111104;0.10714286;0.54901963
h493;0.45833334;0.037383176;0.8392157
h494;0.2777778;0.040723983;0.8666667
s489;0.61904764;0.11666667;0.47058824
h495;0.22222221;0.028436018;0.827451
h496;0.45833334;0.018518519;0.84705883
h497;0.121212125;0.048245613;0.89411765
h498;0.5416667;0.03686636;0.8509804
h499;0.38888887;0.014705882;0.8
s484;0.0877193;0.2451613;0.60784316
s483;0.08585858;0.21153846;0.6117647
s486;0.086419754;0.16981132;0.62352943
s485;0.083333336;0.20437956;0.5372549
s480;0.057291668;0.21333334;0.5882353
s482;0.067708336;0.24427481;0.5137255
s481;0.0530303;0.15714286;0.54901963
h480;0.06666666;0.11312217;0.8666667
s477;0.048148144;0.32374102;0.54509807
h481;0.041666668;0.07960199;0.7882353
s476;0.012820512;0.18705036;0.54509807
h482;0.06666666;0.09615385;0.8156863
s479;0.026041666;0.25;0.5019608
v501;0.9814815;0.10227273;0.34509805
h483;0.07246377;0.1127451;0.8
s478;0.016129037;0.20394737;0.59607846
v502;0.875;0.08510638;0.36862746
h484;0.09166667;0.09049774;0.8666667
h485;0.090909086;0.10138249;0.8509804
h486;0.08888888;0.072463766;0.8117647
h487;0.1025641;0.06435644;0.7921569
h488;0.6666667;0.015151516;0.7764706
h489;0.60714287;0.067961164;0.80784315
s499;0.5;0.021978023;0.35686275
s498;0.5625;0.06504065;0.48235294
l419;0.009132425;0.45061728;0.63529414
l410;0.038333338;0.5555556;0.7058824
l412;0.021276593;0.54022986;0.68235296
l411;0.03244838;0.57360405;0.77254903
l414;0.015625;0.5106383;0.7372549
l413;0.026595742;0.5433526;0.6784314
l416;0.01767677;0.44;0.5882353
l415;0.019230774;0.45882353;0.6666667
l418;0.008333336;0.4733728;0.6627451
l417;0.00746269;0.49264705;0.53333336
l409;0.027472526;0.59090906;0.6039216
l408;0.041666668;0.5423729;0.69411767
l401;0.077586204;0.640884;0.70980394
l400;0.07575757;0.5851064;0.7372549
l403;0.06845238;0.5436893;0.80784315
l402;0.07246377;0.6509434;0.83137256
l405;0.05454545;0.5641026;0.7647059
l404;0.06779661;0.57004833;0.8117647
l407;0.052188557;0.55307263;0.7019608
l406;0.057422966;0.5748792;0.8117647
l430;0.5982906;0.2516129;0.60784316
l432;0.5833333;0.4370861;0.5921569
l431;0.578125;0.47407407;0.5294118
l434;0.58465606;0.35;0.7058824
l433;0.58469945;0.40666667;0.5882353
l436;0.5595238;0.40875912;0.5372549
l435;0.5730594;0.47096774;0.60784316
l438;0.53985506;0.38655463;0.46666667
l437;0.5694444;0.51282054;0.45882353
l439;0.47916666;0.112676054;0.5568628
l421;0.9920635;0.46927375;0.7019608
l420;0.9974359;0.43046358;0.5921569
l423;0.9774775;0.47435898;0.6117647
l422;0.9892473;0.4161074;0.58431375
l425;0.9230769;0.3046875;0.5019608
l424;0.94848484;0.3525641;0.6117647
l427;0.78431374;0.12781955;0.52156866
l426;0.92105263;0.14728682;0.5058824
l429;0.5857143;0.29661018;0.4627451
l428;0.62745094;0.1328125;0.5019608
x304;0.10566449;0.6;1.0
x303;0.10975609;0.33469388;0.9607843
x302;0.125;0.32520324;0.9647059
x301;0.1308017;0.31474105;0.9843137
x300;0.13131313;0.40243903;0.9647059
l450;0.13071896;0.4047619;0.49411765
l452;0.12760417;0.41558442;0.6039216
m300;0.12701613;0.972549;1.0
l451;0.15384616;0.35135135;0.5803922
m301;0.119868636;0.79607844;1.0
l454;0.11875;0.5194805;0.6039216
l453;0.123655915;0.44927537;0.5411765
l456;0.1017316;0.47530866;0.63529414
m304;0.10924369;0.94071144;0.99215686
l455;0.120000005;0.3144654;0.62352943
m305;0.097701155;0.79607844;1.0
l458;0.09929078;0.30322582;0.60784316
m302;0.12007874;1.0;0.99607843
l457;0.111111104;0.2937063;0.56078434
m303;0.10854342;0.94071144;0.99215686
m308;0.0941358;0.84705883;1.0
l459;0.093333334;0.390625;0.5019608
m309;0.078125;0.768;0.98039216
m306;0.09438775;0.79352224;0.96862745
m307;0.09323432;0.7921569;1.0
l441;0.4949495;0.24087591;0.5372549
l440;0.4857143;0.28225806;0.4862745
l443;0.44927537;0.38655463;0.46666667
l442;0.44444445;0.23622048;0.49803922
l445;0.28703704;0.14285715;0.49411765
l444;0.38095236;0.12173913;0.4509804
l447;0.18666665;0.18796992;0.52156866
l446;0.21568628;0.1328125;0.5019608
l449;0.2121212;0.19642857;0.4392157
l448;0.20114942;0.21167883;0.5372549
x326;0.9710145;0.19409283;0.92941177
x325;0.9880952;0.18584071;0.8862745
x324;0.99230766;0.26639345;0.95686275
x323;0.01010101;0.1352459;0.95686275
x322;0.018518517;0.21862349;0.96862745
x321;0.012820512;0.16317992;0.9372549
x320;0.03488372;0.17269076;0.9764706
l470;0.05220883;0.5;0.6509804
l472;0.04040404;0.4489796;0.5764706
l471;0.0462963;0.45;0.627451
l474;0.04263566;0.3909091;0.43137255
m322;0.9943503;0.6210526;0.74509805
x319;0.05;0.20242915;0.96862745
l473;0.037878793;0.43421054;0.59607846
m323;0.9964539;0.734375;0.7529412
x318;0.03980099;0.2768595;0.9490196
l476;0.022012582;0.3955224;0.5254902
m320;0.011990408;0.70558375;0.77254903
x317;0.037500005;0.33613446;0.93333334
l475;0.035897434;0.4710145;0.5411765
m321;0.01253133;0.685567;0.7607843
x316;0.03546099;0.38842976;0.9490196
l478;0.02314815;0.29752067;0.4745098
m326;0.0051546395;0.58433735;0.6509804
l477;0.03191489;0.40869564;0.4509804
m327;0.99502486;0.69072163;0.7607843
m324;0.9914216;0.6666667;0.8
l479;0.027777782;0.2706767;0.52156866
m325;0.99847096;0.63372093;0.6745098
m328;0.97831976;0.63076925;0.7647059
m329;0.9848485;0.6612022;0.7176471
x315;0.06382979;0.39166668;0.9411765
x314;0.05805243;0.36625513;0.9529412
x313;0.063725494;0.26984128;0.9882353
x312;0.077380955;0.22672065;0.96862745
x311;0.08008658;0.32083333;0.9411765
x310;0.081560284;0.38367346;0.9607843
l461;0.07407407;0.48322147;0.58431375
l460;0.09027777;0.384;0.49019608
x309;0.080952376;0.54901963;1.0
l463;0.07175926;0.48;0.5882353
m311;0.081854045;0.75784755;0.8745098
x308;0.10091743;0.44308943;0.9647059
l462;0.060000002;0.2777778;0.3529412
m312;0.07118055;0.7804878;0.9647059
x307;0.09226191;0.2248996;0.9764706
l465;0.0546875;0.43537414;0.5764706
x306;0.10169492;0.24481328;0.94509804
l464;0.04848485;0.39285713;0.54901963
m310;0.07885305;0.7848101;0.92941177
x305;0.10999999;0.20408164;0.9607843
l467;0.057692308;0.39097744;0.52156866
m315;0.042424243;0.720524;0.8980392
l466;0.0672043;0.45255473;0.5372549
m316;0.0263789;0.6556604;0.83137256
l469;0.06041667;0.4651163;0.6745098
m313;0.05316974;0.70258623;0.9098039
l468;0.06089744;0.38518518;0.5294118
m314;0.04658385;0.7;0.9019608
m319;0.021963825;0.6683938;0.75686276
m317;0.024934381;0.6135266;0.8117647
m318;0.024193546;0.63917524;0.7607843
x340;0.88095236;0.13658537;0.8039216
x348;0.615942;0.1036036;0.87058824
x347;0.6282051;0.116071425;0.8784314
x346;0.6538462;0.11764706;0.8666667
x345;0.7380952;0.061946902;0.8862745
x344;0.7058824;0.07762557;0.85882354
x343;0.7;0.11210762;0.8745098
x342;0.77777773;0.1298077;0.8156863
x341;0.82575756;0.10628019;0.8117647
l492;0.5294118;0.09714286;0.6862745
m340;0.9255319;0.39166668;0.47058824
l491;0.5333333;0.18292683;0.6431373
m341;0.8913044;0.26136363;0.34509805
l494;0.29761901;0.07692308;0.7137255
l493;0.48611113;0.07453416;0.6313726
l496;0.5;0.023391813;0.67058825
m344;0.6891892;0.33035713;0.4392157
l495;0.1851852;0.05232558;0.6745098
m345;0.68;0.27173913;0.36078432
l498;0.5740741;0.049723756;0.70980394
m342;0.7888889;0.375;0.47058824
x339;0.8965517;0.13063063;0.87058824
l497;0.12962963;0.04812834;0.73333335
m343;0.7352941;0.38345864;0.52156866
x338;0.9017094;0.17410715;0.8784314
m348;0.639785;0.48062015;0.5058824
l499;0.25;0.01438849;0.54509807
m349;0.625;0.4;0.47058824
m346;0.68333334;0.23809524;0.32941177
m347;0.6496599;0.42608696;0.4509804
x337;0.9310345;0.12719299;0.89411765
x336;0.9322917;0.14222223;0.88235295
x335;0.9791667;0.17467248;0.8980392
x334;0.96892655;0.24686192;0.9372549
x333;0.0057471297;0.12608695;0.9019608
x332;0.972973;0.16666667;0.87058824
l490;0.5752688;0.17514125;0.69411767
x331;0.9716981;0.23043478;0.9019608
x330;0.97660816;0.2626728;0.8509804
l481;0.055555552;0.20610687;0.5137255
l480;0.05392157;0.23448277;0.5686275
m330;0.98381877;0.6130952;0.65882355
l483;0.0625;0.2962963;0.5294118
l482;0.0625;0.27586207;0.45490196
l485;0.07526881;0.22794117;0.53333336
m333;0.98373985;0.5030675;0.6392157
l484;0.07692307;0.31967214;0.47843137
m334;0.9675926;0.5106383;0.5529412
x329;0.95430106;0.26609442;0.9137255
l487;0.083333336;0.13636364;0.5176471
m331;0.9702381;0.6292135;0.69803923
x328;0.9574468;0.19831224;0.92941177
l486;0.07471264;0.25;0.45490196
m332;0.9882155;0.57894737;0.67058825
x327;0.9727273;0.23109244;0.93333334
l489;0.61904764;0.08588957;0.6392157
m337;0.9302325;0.5620915;0.6
l488;0.9166667;0.013333334;0.5882353
m338;0.9186047;0.5408805;0.62352943
m335;0.9597701;0.57236844;0.59607846
m336;0.9516129;0.5849057;0.62352943
m339;0.9583333;0.3529412;0.4
x362;0.5480769;0.23853211;0.85490197
x361;0.5511363;0.39461884;0.8745098
x360;0.530303;0.18884121;0.9137255
x369;0.45370373;0.08035714;0.8784314
x368;0.47619048;0.06140351;0.89411765
x367;0.47435895;0.059633028;0.85490197
x366;0.5225225;0.16444445;0.88235295
m370;0.49470899;0.65625;0.3764706
x365;0.5416667;0.18779343;0.8352941
x364;0.53225803;0.13596492;0.89411765
x363;0.5388128;0.33031675;0.8666667
m362;0.5574074;0.703125;0.5019608
m363;0.54710144;0.736;0.49019608
m360;0.6205674;0.47;0.39215687
m361;0.5634058;0.77310926;0.46666667
m366;0.5274262;0.7821782;0.39607844
m367;0.5079365;0.7078652;0.34901962
m364;0.54115224;0.6864407;0.4627451
m365;0.52981025;1.0;0.48235294
m368;0.5181818;0.5445545;0.39607844
m369;0.47916666;0.30379745;0.30980393
x351;0.5833333;0.2600897;0.8745098
x350;0.61494255;0.14215687;0.8
x359;0.5364583;0.14349777;0.8745098
x358;0.54761904;0.15350877;0.89411765
x357;0.5493827;0.24770643;0.85490197
x356;0.57222223;0.13043478;0.9019608
x355;0.56439394;0.19642857;0.8784314
x354;0.5625;0.18018018;0.87058824
x353;0.58064514;0.13839285;0.8784314
x352;0.5871212;0.1981982;0.87058824
m351;0.6171171;0.5362319;0.5411765
m352;0.6067708;0.5663717;0.44313726
m350;0.6380952;0.36458334;0.3764706
m355;0.601626;0.60294116;0.53333336
m356;0.5762412;0.734375;0.5019608
m353;0.615942;0.44660193;0.40392157
m354;0.589855;0.71875;0.627451
x349;0.6021505;0.1402715;0.8666667
m359;0.5516432;1.0;0.5568628
m357;0.59523815;0.39325842;0.34901962
m358;0.55704695;1.0;0.58431375
x384;0.22222221;0.098130845;0.8392157
x383;0.23232324;0.16256158;0.79607844
x382;0.21428573;0.15283842;0.8980392
x381;0.2072072;0.16742082;0.8666667
x380;0.2890625;0.31219512;0.8039216
x389;0.14184397;0.19915254;0.9254902
m391;0.13513513;0.56060606;0.7764706
x388;0.15873016;0.17872341;0.92156863
m392;0.10344827;0.63736266;0.7137255
x387;0.1440678;0.2599119;0.8901961
x386;0.17857142;0.0625;0.8784314
m390;0.13243243;0.8851675;0.81960785
x385;0.18939395;0.10784314;0.8
m384;0.22463767;0.37704918;0.47843137
m385;0.18794326;0.4159292;0.44313726
m382;0.25724638;0.5786164;0.62352943
m383;0.27304962;0.3983051;0.4627451
m388;0.17475729;0.5988372;0.6745098
m389;0.14209402;0.82539684;0.7411765
m386;0.15666667;0.43103448;0.45490196
m387;0.16460906;0.54;0.5882353
x373;0.4097222;0.108597286;0.8666667
x372;0.43809524;0.15418503;0.8901961
x371;0.46892655;0.26222223;0.88235295
x370;0.47083333;0.19323671;0.8117647
x379;0.29761901;0.06167401;0.8901961
x378;0.26315787;0.096938774;0.76862746
m380;0.33064517;0.46616542;0.52156866
x377;0.27272725;0.047826085;0.9019608
m381;0.34848484;0.4661017;0.4627451
x376;0.41666666;0.13407822;0.7019608
x375;0.2647059;0.07762557;0.85882354
x374;0.3859649;0.08444444;0.88235295
m373;0.46330276;0.97321427;0.4392157
m374;0.4047619;0.40833333;0.47058824
m371;0.47340426;0.96907216;0.38039216
m372;0.45052084;1.0;0.5019608
m377;0.37820515;0.29545453;0.34509805
m378;0.36666667;0.37634408;0.3647059
m375;0.39423075;0.50980395;0.4
m376;0.35416666;0.27272728;0.34509805
m379;0.3643411;0.43434343;0.3882353
x395;0.088709675;0.2857143;0.8509804
x394;0.099415205;0.27272728;0.81960785
x393;0.094936706;0.34199134;0.90588236
x392;0.119918704;0.35193133;0.9137255
x391;0.13681592;0.27916667;0.9411765
x390;0.12698413;0.16867469;0.9764706
x399;0.083333336;0.27004218;0.92941177
x398;0.094736844;0.4059829;0.91764706
x397;0.11057693;0.42798355;0.9529412
x396;0.09375;0.30917874;0.8117647
m395;0.09013605;0.6125;0.627451
m396;0.080000006;0.591716;0.6627451
m393;0.0930931;0.59358287;0.73333335
m394;0.09751773;0.6025641;0.6117647
m399;0.07798165;0.6158192;0.69411767
m397;0.100628935;0.70353985;0.8862745
m398;0.09245741;0.6919192;0.7764706
f313;0.103174604;0.086065575;0.95686275
f312;0.078125;0.128;0.98039216
f311;0.09375;0.192;0.98039216
f310;0.1060606;0.09016393;0.95686275
f319;0.05797101;0.092;0.98039216
f318;0.045454543;0.08943089;0.9647059
f317;0.07333333;0.101626016;0.9647059
f316;0.04444444;0.060240965;0.9764706
f315;0.083333336;0.144;0.98039216
f314;0.08527132;0.17131475;0.9843137
f302;0.12254902;0.13545817;0.9843137
f301;0.14166667;0.08097166;0.96862745
f300;0.13541667;0.06504065;0.9647059
f309;0.10526315;0.07692308;0.96862745
f308;0.093495935;0.164;0.98039216
f307;0.109195404;0.11553785;0.9843137
f306;0.111111104;0.15725806;0.972549
f305;0.11666667;0.12295082;0.95686275
f304;0.121212125;0.13253012;0.9764706
f303;0.121212125;0.13253012;0.9764706
f335;0.010416667;0.06504065;0.9647059
f334;0.027777782;0.07377049;0.95686275
f333;0.027777782;0.07377049;0.95686275
f332;0.97333336;0.10204082;0.9607843
f331;0.97333336;0.10040161;0.9764706
f330;0.9714286;0.14285715;0.9607843
s502;0.8787879;0.09565217;0.4509804
s501;0.0;0.09375;0.3764706
s500;0.5833333;0.093023255;0.5058824
f339;0.90625;0.06584362;0.9529412
f338;0.942029;0.09504132;0.9490196
f337;0.010416667;0.06504065;0.9647059
f336;0.008771926;0.07692308;0.96862745
f324;0.98245615;0.15261044;0.9764706
f323;0.007246375;0.09274194;0.972549
f322;0.0;0.11336032;0.96862745
f321;0.040000003;0.10121457;0.96862745
f320;0.04347826;0.094262294;0.95686275
f329;0.024999997;0.07968128;0.9843137
f328;0.96774197;0.12757201;0.9529412
f327;0.9777778;0.12;0.98039216
h500;0.5416667;0.03686636;0.8509804
f326;0.017857144;0.11336032;0.96862745
h501;0.015151511;0.049773756;0.8666667
f325;0.027777782;0.07377049;0.95686275
h502;0.75;0.017699115;0.8862745
f357;0.51666665;0.04347826;0.9019608
f356;0.5802469;0.114893615;0.92156863
f355;0.5555556;0.11344538;0.93333334
f354;0.56060606;0.09243698;0.93333334
f353;0.56666666;0.06355932;0.9254902
f352;0.59259254;0.038135592;0.9254902
f351;0.5686274;0.071428575;0.93333334
f350;0.59999996;0.042372882;0.9254902
f359;0.48148146;0.038135592;0.9254902
f358;0.45238093;0.029288704;0.9372549
f346;0.7;0.042194095;0.92941177
f345;0.8333333;0.017391304;0.9019608
f344;0.8666667;0.02173913;0.9019608
f343;0.73333335;0.021008404;0.93333334
f342;0.8888889;0.06276151;0.9372549
f341;0.80701756;0.08370044;0.8901961
f340;0.93939394;0.045081966;0.95686275
f349;0.62222224;0.06410257;0.91764706
f348;0.64285713;0.029787235;0.92156863
f347;0.6388889;0.025210084;0.93333334
f379;0.23333335;0.043290045;0.90588236
f378;0.22222221;0.037656903;0.9372549
f377;0.24074073;0.038135592;0.9254902
f376;0.2;0.042735044;0.91764706
f375;0.2777778;0.087866105;0.9372549
f374;0.20833333;0.033898305;0.9254902
f373;0.29999998;0.041322313;0.9490196
f372;0.35;0.041493777;0.94509804
f371;0.48148146;0.037815128;0.93333334
f370;0.29166666;0.033613447;0.93333334
f368;0.2777778;0.025974026;0.90588236
f367;0.515873;0.089361705;0.92156863
f366;0.5185185;0.07692308;0.91764706
f365;0.5;0.034042552;0.92156863
f364;0.50980395;0.07234043;0.92156863
f363;0.5238095;0.11814346;0.92941177
f362;0.5119048;0.060344826;0.9098039
f361;0.515873;0.089361705;0.92156863
f360;0.5;0.06382979;0.92156863
f369;0.4242424;0.046025105;0.9372549
f399;0.096491225;0.076612905;0.972549
f398;0.0967742;0.12653062;0.9607843
f397;0.11594203;0.09465021;0.9529412
f396;0.111111104;0.09836066;0.95686275
f395;0.11363637;0.088709675;0.972549
f394;0.123188406;0.09583333;0.9411765
f393;0.12222222;0.18367347;0.9607843
f392;0.114583336;0.19512194;0.9647059
f391;0.13963963;0.15226337;0.9529412
f390;0.15555556;0.061728396;0.9529412
f389;0.13218391;0.11983471;0.9490196
f388;0.14583333;0.097165994;0.96862745
f387;0.19117646;0.14107884;0.94509804
f386;0.15151514;0.045643155;0.94509804
f385;0.15789475;0.07883818;0.94509804
f384;0.24242425;0.045833334;0.9411765
f383;0.20370372;0.073469386;0.9607843
f382;0.18181817;0.09090909;0.9490196
f381;0.2352941;0.07053942;0.94509804
f380;0.25438595;0.16170213;0.92156863
j318;0.030465951;0.39574468;0.92156863
j319;0.018315017;0.37142858;0.9607843
j310;0.09565217;0.45454547;0.99215686
j311;0.092920355;0.4448819;0.99607843
j312;0.07;0.39215687;1.0
j313;0.06862745;0.33596838;0.99215686
j314;0.05905512;0.5;0.99607843
j315;0.059870552;0.4055118;0.99607843
j316;0.047999997;0.5060729;0.96862745
j317;0.046925563;0.41532257;0.972549
j307;0.100308634;0.42352942;1.0
j308;0.098958336;0.5019608;1.0
j309;0.08739837;0.32156864;1.0
j300;0.12456141;0.38;0.98039216
j301;0.12271062;0.3611111;0.9882353
j302;0.120943956;0.45019922;0.9843137
j303;0.10972222;0.47058824;1.0
j304;0.114247315;0.4862745;1.0
j305;0.10144927;0.4563492;0.9882353
j306;0.09722223;0.37795275;0.99607843
j330;0.9583333;0.37168142;0.8862745
j331;0.9666667;0.33898306;0.9254902
j332;0.9705882;0.30222222;0.88235295
j333;0.9727273;0.24774775;0.87058824
j334;0.9705882;0.22869955;0.8745098
j335;0.97089946;0.28;0.88235295
j336;0.95348835;0.37885463;0.8901961
j337;0.9228395;0.24545455;0.8627451
j338;0.8965517;0.25892857;0.8784314
j339;0.9375;0.18867925;0.83137256
j329;0.9583333;0.35555556;0.88235295
j320;0.022569448;0.40336135;0.93333334
j321;0.024509808;0.28333333;0.9411765
l500;0.5769231;0.0718232;0.70980394
j322;0.9895833;0.32258064;0.972549
j323;0.997807;0.31932774;0.93333334
l502;0.7407408;0.046632126;0.75686276
j324;0.9829932;0.42608696;0.9019608
l501;0.9861111;0.07643312;0.6156863
j325;0.99803925;0.3617021;0.92156863
j326;0.98917747;0.3564815;0.84705883
j327;0.9752475;0.43722942;0.90588236
j328;0.96934867;0.37826088;0.9019608
j350;0.60784316;0.23831776;0.8392157
j351;0.5930736;0.3649289;0.827451
j352;0.5798611;0.21238938;0.8862745
j353;0.5863095;0.26168224;0.8392157
j354;0.57236844;0.35849056;0.83137256
j355;0.57;0.47393364;0.827451
j356;0.57490635;0.41013825;0.8509804
j357;0.5614035;0.35023043;0.8509804
j358;0.55504584;0.49321267;0.8666667
j359;0.5522876;0.49275362;0.8117647
j340;0.9094203;0.23589744;0.7647059
j341;0.85365856;0.25153375;0.6392157
j342;0.7804878;0.19248827;0.8352941
j343;0.7361111;0.16744186;0.84313726
j344;0.6896551;0.13488372;0.84313726
j345;0.6944444;0.19090909;0.8627451
j346;0.6759259;0.2583732;0.81960785
j347;0.639394;0.25581396;0.84313726
j348;0.609375;0.29493088;0.8509804
j349;0.6058201;0.30731708;0.8039216
m409;0.027363181;0.4820144;0.54509807
x403;0.07978723;0.3900415;0.94509804
x402;0.077898555;0.38174275;0.94509804
x401;0.080729164;0.29357797;0.85490197
x400;0.083333336;0.3243243;0.87058824
j370;0.4652778;0.22429906;0.8392157
j371;0.46902657;0.5512195;0.8039216
j372;0.44594595;0.33944955;0.85490197
j373;0.43073595;0.37198067;0.8117647
m400;0.070281126;0.557047;0.58431375
j374;0.41346154;0.26;0.78431374
j375;0.35416666;0.42780748;0.73333335
j376;0.31428573;0.20114942;0.68235296
m403;0.06190476;0.59659094;0.6901961
j377;0.31818184;0.110552765;0.78039217
m404;0.058730155;0.625;0.65882355
j378;0.3076923;0.19402985;0.7882353
m401;0.07;0.6289308;0.62352943
j379;0.30050504;0.36666667;0.7058824
m402;0.06913581;0.6958763;0.7607843
m407;0.04358974;0.48872182;0.52156866
m408;0.032567054;0.57236844;0.59607846
m405;0.047619045;0.60493827;0.63529414
m406;0.05752213;0.6457143;0.6862745
j360;0.5410959;0.6375546;0.8980392
j361;0.5503144;0.49532712;0.8392157
j362;0.55;0.4265403;0.827451
j363;0.53666663;0.49261084;0.79607844
j364;0.530303;0.5164319;0.8352941
j365;0.52736324;0.6442308;0.8156863
j366;0.51692706;0.64646465;0.7764706
j367;0.5169492;0.34705883;0.6666667
j368;0.5;0.24338624;0.7411765
j369;0.4728682;0.25748503;0.654902
x425;0.88095236;0.11666667;0.7058824
x424;0.90555555;0.15873016;0.7411765
x423;0.9777778;0.12987013;0.90588236
x422;0.012820512;0.119266056;0.85490197
x421;0.98015875;0.18421052;0.89411765
x420;0.05392157;0.16190477;0.8235294
j390;0.1292517;0.39043826;0.9843137
j391;0.13265306;0.42982456;0.89411765
j392;0.10784314;0.45132744;0.8862745
j393;0.107744105;0.4090909;0.9490196
x419;0.984375;0.14414415;0.87058824
j394;0.10460993;0.40343347;0.9137255
m421;0.012048195;0.5763889;0.5647059
x418;0.023076922;0.29953918;0.8509804
j395;0.090909086;0.47826087;0.9019608
m422;0.0;0.3653846;0.40784314
x417;0.021929821;0.17511521;0.8509804
j396;0.0882353;0.34836066;0.95686275
x416;0.03546099;0.22815534;0.80784315
j397;0.109965645;0.3864542;0.9843137
m420;0.006172836;0.45378152;0.46666667
x415;0.028368792;0.22380953;0.8235294
j398;0.097701155;0.5;0.9098039
m425;0.9583333;0.29166666;0.3764706
j399;0.083333336;0.3442623;0.95686275
m426;0.8958333;0.14414415;0.43529412
m423;0.9907407;0.5217391;0.5411765
m424;0.95666665;0.3846154;0.50980395
m429;0.58641976;0.28125;0.3764706
m427;0.7592592;0.144;0.49019608
m428;0.6166666;0.17699115;0.44313726
x414;0.014084508;0.33809525;0.8235294
x413;0.043650795;0.18584071;0.8862745
x412;0.023333332;0.22522523;0.87058824
x411;0.04012345;0.23175965;0.9137255
x410;0.044025153;0.23348017;0.8901961
j380;0.31818184;0.36065573;0.7176471
j381;0.26984128;0.3853211;0.85490197
x409;0.058943093;0.34166667;0.9411765
j382;0.21929824;0.3392857;0.8784314
x408;0.04273504;0.17256637;0.8862745
j383;0.22641508;0.25853658;0.8039216
m410;0.034364264;0.58787876;0.64705884
x407;0.06214689;0.2706422;0.85490197
j384;0.24731183;0.15196079;0.8
m411;0.022357723;0.56164384;0.57254905
x406;0.07279693;0.36708862;0.92941177
j385;0.18484847;0.24774775;0.87058824
x405;0.057017546;0.32618025;0.9137255
j386;0.15873016;0.30731708;0.8039216
x404;0.06818182;0.26938775;0.9607843
j387;0.16908212;0.31944445;0.84705883
m414;0.011764705;0.58219177;0.57254905
j388;0.15625;0.42477876;0.8862745
m415;0.025423726;0.47580644;0.4862745
j389;0.14718615;0.33189654;0.9098039
m412;0.023550728;0.575;0.627451
m413;0.019230774;0.5531915;0.5529412
m418;0.013513516;0.54814816;0.5294118
m419;0.013157894;0.5507246;0.5411765
m416;0.024242422;0.45454547;0.4745098
m417;0.0065359473;0.43965518;0.45490196
x447;0.24074073;0.043062203;0.81960785
x446;0.18627453;0.07798165;0.85490197
x445;0.35714284;0.07253886;0.75686276
x444;0.45000002;0.051813472;0.75686276
x443;0.45679012;0.13043478;0.8117647
x442;0.41666666;0.05263158;0.89411765
x441;0.5;0.12105263;0.74509805
x440;0.4333333;0.02293578;0.85490197
m440;0.5;0.24324325;0.2901961
m443;0.45679012;0.25714287;0.4117647
m444;0.38888887;0.12371134;0.38039216
x439;0.42592594;0.041666668;0.84705883
m441;0.4888889;0.2857143;0.4117647
x438;0.53125;0.08080808;0.7764706
m442;0.442029;0.24731183;0.3647059
x437;0.5370371;0.08108108;0.87058824
m447;0.20175438;0.15833333;0.47058824
m448;0.21153848;0.2300885;0.44313726
m445;0.38888887;0.12244898;0.38431373
m446;0.20238094;0.14583333;0.3764706
m449;0.16666667;0.18681319;0.35686275
x436;0.54761904;0.10144927;0.8117647
x435;0.56666666;0.09090909;0.8627451
x434;0.5833333;0.1800948;0.827451
x433;0.5614035;0.083333336;0.89411765
x432;0.56060606;0.16019417;0.80784315
x431;0.575;0.09950249;0.7882353
x430;0.5888889;0.06787331;0.8666667
m432;0.58771926;0.4789916;0.46666667
x429;0.5793651;0.10659899;0.77254903
m433;0.59375;0.375;0.5019608
x428;0.9583333;0.018867925;0.83137256
m430;0.6008772;0.3114754;0.47843137
x427;0.6904762;0.03167421;0.8666667
m431;0.5706215;0.5462963;0.42352942
x426;0.962963;0.04265403;0.827451
m436;0.56296295;0.41666666;0.42352942
m437;0.5793651;0.42424244;0.3882353
m434;0.6016949;0.46456692;0.49803922
m435;0.5748792;0.518797;0.52156866
m438;0.5462963;0.21176471;0.33333334
m439;0.48039213;0.16504854;0.40392157
x461;0.08680556;0.21333334;0.88235295
x460;0.10215054;0.1448598;0.8392157
x469;0.06462585;0.22374429;0.85882354
y316;0.0408805;0.21370968;0.972549
x468;0.06910569;0.22162162;0.7254902
y315;0.074829936;0.19838056;0.96862745
x467;0.06790123;0.14285715;0.7411765
y314;0.07407407;0.25099602;0.9843137
x466;0.08064517;0.13901345;0.8745098
y313;0.0787037;0.14814815;0.9529412
x465;0.06547619;0.13145539;0.8352941
y312;0.08585858;0.13414635;0.9647059
x464;0.065891474;0.20673077;0.8156863
y311;0.08743169;0.244;0.98039216
x463;0.07692307;0.18932039;0.80784315
y310;0.09803921;0.13877551;0.9607843
x462;0.08974359;0.22807017;0.89411765
m461;0.07608696;0.38655463;0.46666667
m462;0.06481481;0.21428572;0.32941177
m460;0.07777777;0.31578946;0.37254903
m465;0.05952381;0.46666667;0.47058824
n312;0.068027206;0.80658436;0.9529412
y309;0.09439528;0.44313726;1.0
m466;0.0617284;0.45762712;0.4627451
n313;0.05405405;0.7326733;0.7921569
y308;0.109803915;0.34;0.98039216
m463;0.07183909;0.47933885;0.4745098
n310;0.07177615;0.67156863;0.8
y307;0.10666666;0.10245901;0.95686275
m464;0.06296296;0.41284403;0.42745098
n311;0.07432432;0.72195125;0.8039216
x459;0.104166664;0.15238096;0.8235294
y306;0.10101011;0.13469388;0.9607843
m469;0.0546875;0.47058824;0.53333336
n316;0.027065525;0.62234044;0.7372549
n317;0.03181818;0.6547619;0.65882355
m467;0.05902778;0.4;0.47058824
n314;0.04575163;0.68609864;0.8745098
m468;0.056818176;0.3963964;0.43529412
n315;0.04358974;0.6532663;0.78039217
n318;0.032110095;0.5989011;0.7137255
n319;0.020467838;0.5816327;0.76862746
x450;0.14583333;0.07373272;0.8509804
x458;0.121212125;0.10232558;0.84313726
y305;0.113095246;0.114754096;0.95686275
x457;0.11382114;0.20812182;0.77254903
y304;0.1155914;0.25203252;0.9647059
x456;0.10204082;0.2139738;0.8980392
y303;0.109375;0.256;0.98039216
x455;0.11261261;0.18316832;0.7921569
y302;0.11764705;0.14049587;0.9490196
x454;0.10952381;0.15625;0.8784314
y301;0.12578617;0.212;0.98039216
x453;0.12152777;0.23414634;0.8039216
y300;0.12280702;0.1557377;0.95686275
x452;0.13513513;0.16894977;0.85882354
x451;0.12962963;0.11894273;0.8901961
m450;0.12765957;0.4159292;0.44313726
m451;0.15530303;0.3697479;0.46666667
m454;0.11904762;0.4861111;0.5647059
n301;0.11851851;0.75;0.9411765
m455;0.11594203;0.36220473;0.49803922
n302;0.12569444;1.0;0.9411765
m452;0.1279762;0.45901638;0.47843137
x449;0.13888888;0.17821783;0.7921569
m453;0.112318836;0.4181818;0.43137255
n300;0.11675579;0.7824268;0.9372549
x448;0.24358976;0.06467662;0.7882353
m458;0.10144927;0.37398374;0.48235294
n305;0.08938547;0.7782609;0.9019608
m459;0.09523809;0.3559322;0.4627451
n306;0.101899825;0.8212766;0.92156863
m456;0.09166667;0.47244096;0.49803922
n303;0.103626944;0.8177966;0.9254902
m457;0.111111104;0.31034482;0.45490196
n304;0.1010558;0.90204084;0.9607843
n309;0.079365075;0.7777778;0.84705883
n307;0.08847737;0.6585366;0.9647059
n308;0.09074074;0.746888;0.94509804
x483;0.06944445;0.1182266;0.79607844
y330;0.9666667;0.125;0.9411765
x482;0.077380955;0.13658537;0.8039216
x481;0.07142857;0.066985644;0.81960785
x480;0.07017544;0.082969435;0.8980392
y338;0.90625;0.13559322;0.9254902
y337;0.95;0.08583691;0.9137255
x489;0.625;0.10526316;0.29803923
y336;0.008771926;0.079166666;0.9411765
x488;0.9444444;0.04054054;0.2901961
y335;0.95555556;0.06329114;0.92941177
m490;0.5747127;0.18238993;0.62352943
x487;0.115384616;0.06467662;0.7882353
y334;0.969697;0.1352459;0.95686275
m491;0.5333333;0.21582733;0.54509807
x486;0.1060606;0.051643193;0.8352941
y333;0.008771926;0.079831935;0.93333334
x485;0.083333336;0.06451613;0.8509804
y332;0.0;0.12931034;0.9098039
x484;0.09027777;0.114832535;0.81960785
y331;0.01010101;0.1352459;0.95686275
m483;0.060000002;0.2747253;0.35686275
n330;0.98888886;0.5769231;0.6117647
m484;0.078125;0.30476192;0.4117647
n331;0.9791667;0.47058824;0.6
m481;0.053571433;0.28865978;0.38039216
m482;0.05952381;0.28865978;0.38039216
m487;0.08974359;0.15662651;0.3254902
n334;0.96464646;0.47482014;0.54509807
m488;0.9166667;0.031007752;0.5058824
n335;0.9583333;0.52287585;0.6
m485;0.080000006;0.24752475;0.39607844
n332;0.9819277;0.5092025;0.6392157
y329;0.96511626;0.17842324;0.94509804
m486;0.0652174;0.25555557;0.3529412
n333;0.99061036;0.47972974;0.5803922
y328;0.9513889;0.10084034;0.93333334
n338;0.9227053;0.46308726;0.58431375
n339;0.9319728;0.38582677;0.49803922
m489;0.61904764;0.09150327;0.6
n336;0.9289216;0.5112782;0.52156866
n337;0.92777777;0.397351;0.5921569
x472;0.05128205;0.18309858;0.8352941
x471;0.06296296;0.21028037;0.8392157
x470;0.065656565;0.1460177;0.8862745
y327;0.9791667;0.1300813;0.9647059
x479;0.019607842;0.09042553;0.7372549
y326;0.9814815;0.11157025;0.9490196
x478;0.009259264;0.08737864;0.80784315
y325;0.0;0.0995671;0.90588236
x477;0.044871796;0.123809524;0.8235294
y324;0.9874214;0.2145749;0.96862745
x476;0.0;0.0974359;0.7647059
y323;0.019607842;0.06967213;0.95686275
m480;0.060000002;0.25510204;0.38431373
x475;0.03888889;0.13953489;0.84313726
y322;0.032520324;0.164;0.98039216
x474;0.038461536;0.12264151;0.83137256
y321;0.040229887;0.12033195;0.94509804
x473;0.047619045;0.095022626;0.8666667
y320;0.047619045;0.08713693;0.94509804
m472;0.040935677;0.4488189;0.49803922
m473;0.034825873;0.4890511;0.5372549
n320;0.012820512;0.5707317;0.8039216
m470;0.05;0.48;0.49019608
m471;0.039682537;0.4632353;0.53333336
m476;0.027777782;0.45;0.47058824
n323;0.99856323;0.640884;0.70980394
m477;0.029411763;0.33663365;0.39607844
n324;0.9925373;0.67336684;0.78039217
y319;0.0617284;0.1097561;0.9647059
m474;0.047619045;0.34313726;0.4
n321;0.019097218;0.58536583;0.6431373
y318;0.04273504;0.15789473;0.96862745
m475;0.03333333;0.3773585;0.41568628
n322;0.99545455;0.5945946;0.7254902
y317;0.037634414;0.12601626;0.9647059
n327;0.0027100246;0.67582417;0.7137255
n328;0.97411;0.55675673;0.7254902
m478;0.027027031;0.35576922;0.40784314
n325;0.99812734;0.55625;0.627451
m479;0.018518517;0.31578946;0.44705883
n326;0.0;0.5345912;0.62352943
n329;0.97196263;0.61849713;0.6784314
y352;0.5916667;0.0862069;0.9098039
y351;0.59523815;0.09051724;0.9098039
y350;0.6111111;0.066079296;0.8901961
y359;0.48611113;0.050847456;0.9254902
y358;0.5;0.05531915;0.92156863
y357;0.5238095;0.09130435;0.9019608
y356;0.5686274;0.07234043;0.92156863
n360;0.57511735;0.6339286;0.4392157
y355;0.5512821;0.112068966;0.9098039
y354;0.5645161;0.13537118;0.8980392
y353;0.57142854;0.060085837;0.9137255
n352;0.59259254;0.5294118;0.6
n353;0.5923695;0.52866244;0.6156863
n350;0.62068963;0.25892857;0.4392157
n351;0.5943775;0.5123457;0.63529414
n356;0.5759804;0.5862069;0.45490196
n357;0.5769231;0.42391303;0.36078432
n354;0.59490746;0.5496183;0.5137255
n355;0.58514494;0.6052632;0.59607846
n358;0.56233066;0.8978102;0.5372549
n359;0.5692308;0.625;0.40784314
x494;0.29166666;0.05263158;0.29803923
y341;0.8229167;0.07111111;0.88235295
x493;0.5416667;0.101265825;0.30980393
y340;0.8981482;0.07929515;0.8901961
x492;0.5444445;0.16129032;0.3647059
x491;0.56060606;0.14102565;0.30588236
x490;0.57575756;0.23913044;0.36078432
y349;0.58771926;0.08260869;0.9019608
y348;0.61904764;0.06113537;0.8980392
y347;0.6282051;0.055793993;0.9137255
x499;0.5;0.027027028;0.2901961
y346;0.6666667;0.056277055;0.90588236
x498;0.5625;0.08695652;0.36078432
y345;0.75;0.042918455;0.9137255
x497;0.111111104;0.101123594;0.34901962
y344;0.6875;0.03448276;0.9098039
x496;0.5;0.041237112;0.38039216
y343;0.71794873;0.056277055;0.90588236
x495;0.22222221;0.09090909;0.3882353
y342;0.7962963;0.08035714;0.8784314
m494;0.33333334;0.06369427;0.6156863
n341;0.8838384;0.2682927;0.48235294
m495;0.19444446;0.07692308;0.6117647
n342;0.79797983;0.27966103;0.4627451
m492;0.5238095;0.13548388;0.60784316
m493;0.5111111;0.107913665;0.54509807
n340;0.9137931;0.2761905;0.4117647
m498;0.54761904;0.045751635;0.6
n345;0.67261904;0.24778761;0.44313726
m499;0.41666666;0.015748031;0.49803922
n346;0.6744186;0.3495935;0.48235294
m496;0.41666666;0.025;0.627451
n343;0.7395833;0.2644628;0.4745098
m497;0.11666667;0.057803467;0.6784314
n344;0.68115944;0.3216783;0.56078434
y339;0.875;0.050847456;0.9254902
n349;0.6242425;0.39855072;0.5411765
n347;0.6388889;0.41095892;0.57254905
n348;0.6171171;0.31623933;0.45882353
f412;0.034313727;0.14225942;0.9372549
y374;0.34848484;0.047413792;0.9098039
f411;0.041666668;0.14516129;0.972549
y373;0.38095236;0.060344826;0.9098039
f410;0.048611116;0.097165994;0.96862745
y372;0.42222223;0.06465517;0.9098039
y371;0.43650794;0.089361705;0.92156863
y370;0.4393939;0.14732143;0.8784314
y379;0.25;0.050847456;0.9254902
n381;0.3101852;0.29752067;0.4745098
y378;0.30952382;0.06451613;0.8509804
n382;0.23868315;0.47093022;0.6745098
y377;0.20833333;0.033613447;0.93333334
y376;0.36363637;0.04910714;0.8784314
n380;0.33641973;0.432;0.49019608
y375;0.26666665;0.042735044;0.91764706
n374;0.4409722;0.41379312;0.45490196
n375;0.3970588;0.34;0.39215687
n372;0.4393939;0.67175573;0.5137255
n373;0.46444443;0.7009346;0.41960785
n378;0.29629627;0.12162162;0.2901961
n379;0.33908045;0.22834645;0.49803922
n376;0.37719297;0.22352941;0.33333334
n377;0.35416666;0.27586207;0.45490196
f419;0.012820512;0.053719006;0.9490196
f418;0.017543862;0.07883818;0.94509804
f417;0.027777782;0.07377049;0.95686275
f416;0.04347826;0.094262294;0.95686275
f415;0.03174603;0.087866105;0.9372549
f414;0.05333333;0.10373444;0.94509804
f413;0.04347826;0.094262294;0.95686275
f401;0.081761;0.21115538;0.9843137
y363;0.52777773;0.10300429;0.9137255
f400;0.09047619;0.1388889;0.9882353
y362;0.5208333;0.06926407;0.90588236
y361;0.54651165;0.1822034;0.9254902
y360;0.52272725;0.094420604;0.9137255
y369;0.41666666;0.042735044;0.91764706
y368;0.48148146;0.038135592;0.9254902
n370;0.4883041;0.50442475;0.44313726
y367;0.46666667;0.04405286;0.8901961
n371;0.4740061;0.9909091;0.43137255
y366;0.4722222;0.025751073;0.9137255
y365;0.5333333;0.06637168;0.8862745
y364;0.5104167;0.06896552;0.9098039
n363;0.5426357;0.7107438;0.4745098
n364;0.5384615;0.7591241;0.5372549
n361;0.5651042;0.6213592;0.40392157
n362;0.56;0.5769231;0.50980395
n367;0.5191257;0.5126051;0.46666667
n368;0.50378793;0.3859649;0.44705883
n365;0.5416667;0.672;0.49019608
n366;0.531401;0.6330275;0.42745098
f409;0.07017544;0.1557377;0.95686275
f408;0.05797101;0.09583333;0.9411765
f407;0.06666666;0.14285715;0.9607843
n369;0.47619048;0.35;0.39215687
f406;0.0625;0.15873016;0.9882353
f405;0.08796296;0.144;0.98039216
f404;0.08558559;0.15040651;0.9647059
f403;0.083333336;0.19123507;0.9843137
f402;0.083333336;0.19123507;0.9843137
f434;0.59999996;0.042016808;0.93333334
y396;0.09523809;0.25225225;0.87058824
f433;0.59523815;0.088607594;0.92941177
y395;0.09166667;0.17777778;0.88235295
f432;0.5777778;0.063025214;0.93333334
y394;0.1060606;0.09128631;0.94509804
f431;0.557971;0.09663866;0.93333334
y393;0.104166664;0.16528925;0.9490196
f430;0.59999996;0.042016808;0.93333334
y392;0.11764705;0.21428572;0.93333334
y391;0.13666667;0.20491803;0.95686275
y390;0.12643678;0.116935484;0.972549
y399;0.086666666;0.20746888;0.94509804
y398;0.10057471;0.24369748;0.93333334
y397;0.11048689;0.3632653;0.9607843
n396;0.084474884;0.5289855;0.5411765
n397;0.097964376;0.6328502;0.8117647
n394;0.088541664;0.46376812;0.5411765
n395;0.08571428;0.5109489;0.5372549
n398;0.08764368;0.61702126;0.7372549
n399;0.08241758;0.56875;0.627451
f439;0.36111113;0.025751073;0.9137255
f438;0.530303;0.04888889;0.88235295
f437;0.46296296;0.038135592;0.9254902
f436;0.5138889;0.052173913;0.9019608
f435;0.45833334;0.017094018;0.91764706
f423;0.0;0.06910569;0.9647059
y385;0.16666667;0.057268724;0.8901961
f422;0.045454543;0.09016393;0.95686275
y384;0.24074073;0.03797468;0.92941177
f421;0.93939394;0.045081966;0.95686275
y383;0.19565217;0.098712444;0.9137255
f420;0.020833334;0.033613447;0.93333334
y382;0.20833333;0.10084034;0.93333334
y381;0.20138888;0.10300429;0.9137255
y380;0.26126125;0.16444445;0.88235295
n392;0.1066066;0.64534885;0.6745098
y389;0.13131313;0.13580246;0.9529412
n393;0.0941358;0.6101695;0.69411767
y388;0.14814815;0.109311745;0.96862745
n390;0.12820514;0.527027;0.87058824
y387;0.14473684;0.15899582;0.9372549
n391;0.13333334;0.5927835;0.7607843
y386;0.16666667;0.029787235;0.92156863
n385;0.19191921;0.27272728;0.4745098
n386;0.16239317;0.2867647;0.53333336
n383;0.3271605;0.25;0.42352942
n384;0.26262626;0.27966103;0.4627451
n389;0.13945578;0.47342995;0.8117647
n387;0.17910449;0.47517732;0.5529412
n388;0.16216217;0.37755102;0.76862746
f429;0.5;0.025974026;0.90588236
f428;0.5833333;0.009049774;0.8666667
f427;0.76666665;0.022123894;0.8862745
f426;0.027777782;0.025423728;0.9254902
f425;0.93939394;0.045081966;0.95686275
f424;0.9444444;0.10300429;0.9137255
f456;0.09375;0.06557377;0.95686275
g303;0.11956522;0.18326694;0.9843137
f455;0.14285715;0.05882353;0.93333334
g302;0.12619047;0.2777778;0.9882353
f454;0.11728395;0.11111111;0.9529412
g301;0.13020833;0.12903225;0.972549
f453;0.13157894;0.08085106;0.92156863
g300;0.116161615;0.13253012;0.9764706
f452;0.175;0.0862069;0.9098039
f451;0.15384616;0.055555556;0.91764706
f450;0.18181817;0.04680851;0.92156863
g309;0.09210527;0.152;0.98039216
g308;0.09523809;0.25403225;0.972549
g307;0.11956522;0.18326694;0.9843137
f459;0.104166664;0.10084034;0.93333334
g306;0.1060606;0.176;0.98039216
f458;0.1;0.082987554;0.94509804
g305;0.11594203;0.18775511;0.9607843
f457;0.111111104;0.06329114;0.92941177
g304;0.11949686;0.212;0.98039216
f445;0.26190475;0.030042918;0.9137255
f444;0.23809524;0.030701755;0.89411765
f443;0.29999998;0.020576132;0.9529412
f442;0.25925925;0.03862661;0.9137255
f441;0.4047619;0.029166667;0.9411765
f440;0.36111113;0.026086956;0.9019608
f449;0.13541667;0.06477733;0.96862745
f448;0.16666667;0.029045643;0.94509804
f447;0.16666667;0.037815128;0.93333334
f446;0.13333334;0.020746889;0.94509804
f478;0.0;0.037815128;0.93333334
g325;0.004504502;0.15102041;0.9607843
f477;0.030303031;0.045081966;0.95686275
g324;0.9866667;0.1992032;0.9843137
f476;0.052631576;0.079166666;0.9411765
g323;0.0049019656;0.13765182;0.96862745
f475;0.023809522;0.05957447;0.92156863
g322;0.0;0.14693877;0.9607843
f474;0.058333337;0.084745765;0.9254902
g321;0.028571427;0.1417004;0.96862745
f473;0.053571433;0.11965812;0.91764706
g320;0.04651163;0.17408907;0.96862745
f472;0.060606062;0.09243698;0.93333334
f471;0.072916664;0.066390045;0.94509804
f470;0.083333336;0.09090909;0.9490196
g329;0.9597701;0.11740891;0.96862745
g328;0.962963;0.18442623;0.95686275
g327;0.97126436;0.23577236;0.9647059
f479;0.025641024;0.055084746;0.9254902
g326;0.9925926;0.18907563;0.93333334
f467;0.079365075;0.08677686;0.9490196
g314;0.0819209;0.23505977;0.9843137
f466;0.09523809;0.11914894;0.92156863
g313;0.08571428;0.13833992;0.99215686
f465;0.07692307;0.1092437;0.93333334
g312;0.07407407;0.21686748;0.9764706
f464;0.083333336;0.082987554;0.94509804
g311;0.09226191;0.22310758;0.9843137
f463;0.07575757;0.09090909;0.9490196
g310;0.09836066;0.2430279;0.9843137
f462;0.09848485;0.09016393;0.95686275
f461;0.09722223;0.09795918;0.9607843
f460;0.1025641;0.054166667;0.9411765
g319;0.04411765;0.13492064;0.9882353
g318;0.038461536;0.15853658;0.9647059
g317;0.06028369;0.18875502;0.9764706
f469;0.0652174;0.09504132;0.9490196
g316;0.056910563;0.16269842;0.9882353
f468;0.0625;0.033613447;0.93333334
g315;0.071969695;0.17741935;0.972549
g347;0.6388889;0.10300429;0.9137255
f499;0.25;0.008547009;0.91764706
g346;0.68666667;0.10775862;0.9098039
f498;0.33333334;0.016877636;0.92941177
g345;0.7352941;0.0745614;0.89411765
f497;0.16666667;0.020746889;0.94509804
g344;0.7307692;0.056277055;0.90588236
f496;0.41666666;0.01724138;0.9098039
g343;0.75;0.05982906;0.91764706
f495;0.5;0.004347826;0.9019608
g342;0.85087717;0.08260869;0.9019608
f494;0.38888887;0.012658228;0.92941177
g341;0.81884056;0.10697675;0.84313726
f493;0.38888887;0.012658228;0.92941177
g340;0.9;0.0862069;0.9098039
f492;0.33333334;0.004310345;0.9098039
f491;0.38888887;0.012765957;0.92156863
f490;0.56666666;0.04405286;0.8901961
g349;0.6047619;0.15350877;0.89411765
g348;0.6111111;0.11894273;0.8901961
f489;0.59259254;0.04054054;0.87058824
g336;0.9655172;0.11934157;0.9529412
f488;0.9444444;0.013157895;0.89411765
g335;0.020833334;0.09917355;0.9490196
f487;0.12962963;0.03930131;0.8980392
g334;0.9892473;0.12809917;0.9490196
f486;0.14285715;0.029661017;0.9254902
g333;0.9782609;0.09623431;0.9372549
f485;0.115384616;0.054393306;0.9372549
g332;0.9746377;0.19246861;0.9372549
f484;0.121212125;0.04680851;0.92156863
g331;0.9675926;0.14693877;0.9607843
f483;0.06410256;0.05676856;0.8980392
g330;0.9519231;0.21940929;0.92941177
f482;0.111111104;0.03846154;0.91764706
f481;0.041666668;0.033613447;0.93333334
f480;0.06666666;0.06276151;0.9372549
g339;0.925;0.08547009;0.91764706
g338;0.91935486;0.13025211;0.93333334
g337;0.9469697;0.09166667;0.9411765
g369;0.47435895;0.11872146;0.85882354
g368;0.4090909;0.048245613;0.89411765
g367;0.5138889;0.16513762;0.85490197
g366;0.5131579;0.16593887;0.8980392
g365;0.53100777;0.18376069;0.91764706
g364;0.51960784;0.15111111;0.88235295
g363;0.5345912;0.22649573;0.91764706
g362;0.54761904;0.1826087;0.9019608
g361;0.53100777;0.18614718;0.90588236
g360;0.53205127;0.21757323;0.9372549
g358;0.525641;0.11304348;0.9019608
g357;0.55;0.13157895;0.89411765
g356;0.5681818;0.18884121;0.9137255
g355;0.5673759;0.20171674;0.9137255
g354;0.5617284;0.115384616;0.91764706
g353;0.5882353;0.14847161;0.8980392
g352;0.59090906;0.094420604;0.9137255
g351;0.57738096;0.118644066;0.9254902
g350;0.60784316;0.072961375;0.9137255
g359;0.52777773;0.105726875;0.8901961
j417;0.0050505004;0.3646409;0.70980394
j418;0.0023474197;0.36410257;0.7647059
g389;0.14379086;0.20987654;0.9529412
j419;0.0;0.25615764;0.79607844
g388;0.15277778;0.19753087;0.9529412
g387;0.17045455;0.18884121;0.9137255
g386;0.15873016;0.09090909;0.90588236
g385;0.16666667;0.101265825;0.92941177
g384;0.24444444;0.06521739;0.9019608
g383;0.20833333;0.10041841;0.9372549
g382;0.2;0.12448133;0.94509804
g381;0.25225225;0.15948276;0.9098039
g380;0.27011493;0.26244345;0.8666667
j410;0.039583337;0.36697248;0.85490197
j411;0.03488372;0.37229437;0.90588236
j412;0.019323668;0.30131003;0.8980392
j413;0.025821596;0.33971292;0.81960785
j414;0.025821596;0.3169643;0.8784314
j415;0.020408163;0.21875;0.8784314
j416;0.012345682;0.2755102;0.76862746
j406;0.054982822;0.4092827;0.92941177
g379;0.25;0.096491225;0.89411765
j407;0.06041667;0.3508772;0.89411765
g378;0.24074073;0.1125;0.9411765
j408;0.05405405;0.34418604;0.84313726
g377;0.25;0.06167401;0.8901961
j409;0.04245283;0.5120773;0.8117647
g376;0.2681159;0.1040724;0.8666667
g375;0.3101852;0.15584415;0.90588236
g374;0.39215684;0.07172996;0.92941177
g373;0.39855075;0.0982906;0.91764706
g372;0.4122807;0.079831935;0.93333334
g371;0.43478262;0.09663866;0.93333334
g370;0.33333334;0.042918455;0.9137255
j400;0.08412699;0.46875;0.8784314
j401;0.08255452;0.49537036;0.84705883
j402;0.07704403;0.43801653;0.9490196
j403;0.07526881;0.38912135;0.9372549
j404;0.06765676;0.43913043;0.9019608
j405;0.06103286;0.29957807;0.92941177
j439;0.4722222;0.06451613;0.7294118
j430;0.5989583;0.14222223;0.88235295
j431;0.57142854;0.38674033;0.70980394
j432;0.5851064;0.22815534;0.80784315
j433;0.59090906;0.21463415;0.8039216
j434;0.59375;0.14349777;0.8745098
j435;0.56666666;0.24509804;0.8
j436;0.54471546;0.2;0.8039216
j437;0.5555556;0.29126215;0.80784315
j438;0.5430107;0.15979381;0.7607843
j428;0.625;0.083769634;0.7490196
j429;0.57738096;0.14507772;0.75686276
g399;0.08571428;0.14;0.98039216
g398;0.09523809;0.175;0.9411765
g397;0.123188406;0.18852459;0.95686275
g396;0.104166664;0.1632653;0.9607843
g395;0.09722223;0.20168068;0.93333334
g394;0.1081081;0.15289256;0.9490196
g393;0.111111104;0.25609756;0.9647059
g392;0.11904762;0.3195021;0.94509804
g391;0.13756613;0.2625;0.9411765
g390;0.13541667;0.19277108;0.9764706
j420;0.008130084;0.19248827;0.8352941
j421;0.98333335;0.21551724;0.9098039
j422;0.011299431;0.264574;0.8745098
j423;0.9661458;0.31527093;0.79607844
j424;0.9444444;0.25396827;0.7411765
j425;0.8924731;0.17222223;0.7058824
j426;0.8484849;0.05851064;0.7372549
j427;0.75757575;0.05882353;0.73333335
k309;0.08521303;0.52156866;1.0
k308;0.10042735;0.6117647;1.0
v301;0.13030303;0.44354838;0.972549
v302;0.120000005;0.5165289;0.9490196
v300;0.12411348;0.58506227;0.94509804
j450;0.13888888;0.22580644;0.7294118
j451;0.15686275;0.17085427;0.78039217
j452;0.13387978;0.33516484;0.7137255
j453;0.121890545;0.38728324;0.6784314
k301;0.12287104;0.5372549;1.0
j454;0.11728395;0.41538462;0.7647059
k300;0.118159205;0.5254902;1.0
j455;0.13333334;0.17857143;0.76862746
k303;0.102908276;0.58431375;1.0
j456;0.098958336;0.28444445;0.88235295
k302;0.12062615;0.70980394;1.0
j457;0.1060606;0.23404256;0.7372549
k305;0.09722223;0.6117647;1.0
j458;0.096899234;0.2160804;0.78039217
k304;0.10798123;0.5568628;1.0
j459;0.1;0.2777778;0.7764706
k307;0.097964376;0.5137255;1.0
k306;0.09195402;0.45849803;0.99215686
j440;0.48214284;0.15730338;0.69803923
j441;0.47619048;0.15300547;0.7176471
j442;0.44086024;0.17514125;0.69411767
j443;0.4144144;0.2044199;0.70980394
j444;0.3452381;0.09271523;0.5921569
j445;0.24166667;0.110497236;0.70980394
j446;0.19607842;0.087628864;0.7607843
j447;0.20634921;0.10880829;0.75686276
j448;0.2121212;0.11827957;0.7294118
j449;0.17307691;0.13541667;0.7529412
v323;0.99404764;0.35744682;0.92156863
x502;0.8611111;0.07594936;0.30980393
v324;0.9822222;0.37313432;0.7882353
x501;0.016666671;0.13157895;0.29803923
v321;0.007246375;0.31363636;0.8627451
x500;0.5833333;0.078431375;0.4
v322;0.9862543;0.4349776;0.8745098
v320;0.023102313;0.42978725;0.92156863
v318;0.03546099;0.4069264;0.90588236
j470;0.06989247;0.2857143;0.8509804
v319;0.03061224;0.39676112;0.96862745
j471;0.0530303;0.3219512;0.8039216
v316;0.03392331;0.50446427;0.8784314
j472;0.046099294;0.2292683;0.8039216
v317;0.03484848;0.5164319;0.8352941
j473;0.03954802;0.31382978;0.7372549
k321;0.008090615;0.4537445;0.8901961
v314;0.05733333;0.51229507;0.95686275
j474;0.049382716;0.2967033;0.7137255
k320;0.015723268;0.4628821;0.8980392
v315;0.057742786;0.55458516;0.8980392
j475;0.029166669;0.20618556;0.7607843
k323;0.0;0.43555555;0.88235295
m502;0.7916667;0.046511628;0.6745098
j476;0.017361114;0.24870466;0.75686276
k322;0.9907407;0.48430493;0.8745098
j477;0.022012582;0.30813953;0.6745098
k325;0.9948454;0.42543858;0.89411765
m500;0.56666666;0.08982036;0.654902
j478;0.017857144;0.1521739;0.72156864
k324;0.9903581;0.53539824;0.8862745
m501;0.9848485;0.07913669;0.54509807
j479;0.019230774;0.12935324;0.7882353
k327;0.983871;0.56880736;0.85490197
k326;0.9966997;0.50753766;0.78039217
k329;0.970405;0.4976744;0.84313726
k328;0.9738562;0.4573991;0.8745098
k319;0.018018017;0.46835443;0.92941177
v312;0.06582633;0.48770493;0.95686275
v313;0.06317204;0.49799198;0.9764706
v310;0.07786885;0.5169492;0.9254902
v311;0.07207207;0.46443516;0.9372549
v309;0.082375474;0.6987952;0.9764706
v307;0.10644257;0.46666667;1.0
v308;0.0990991;0.5943775;0.9764706
j460;0.10101011;0.3529412;0.73333335
v305;0.10283688;0.3715415;0.99215686
j461;0.08088235;0.31924883;0.8352941
v306;0.0925926;0.37190083;0.9490196
j462;0.07650273;0.3019802;0.7921569
k310;0.090909086;0.5697211;0.9843137
v303;0.10555556;0.5882353;1.0
j463;0.07098765;0.24657534;0.85882354
v304;0.10301507;0.78656125;0.99215686
j464;0.068840586;0.21596244;0.8352941
k312;0.07089552;0.5254902;1.0
j465;0.06089744;0.25490198;0.8
k311;0.08992805;0.5696721;0.95686275
j466;0.07602339;0.28787878;0.7764706
k314;0.057471264;0.6092437;0.93333334
j467;0.06918239;0.2912088;0.7137255
k313;0.065920405;0.5254902;1.0
j468;0.069767445;0.2263158;0.74509805
k316;0.037671227;0.60330576;0.9490196
j469;0.06111111;0.28985506;0.8117647
k315;0.05405405;0.5991903;0.96862745
k318;0.027322402;0.5648148;0.84705883
k317;0.039215684;0.508547;0.91764706
v345;0.6969697;0.15566038;0.83137256
v346;0.6491228;0.18536586;0.8039216
v343;0.7407408;0.20338982;0.69411767
v344;0.6923077;0.12206573;0.8352941
v341;0.83928573;0.1590909;0.6901961
v342;0.78508776;0.21468927;0.69411767
v340;0.872549;0.18579236;0.7176471
j490;0.5689655;0.14795919;0.76862746
j491;0.52500004;0.098522164;0.79607844
j492;0.5555556;0.05940594;0.7921569
j493;0.46969697;0.05699482;0.75686276
k341;0.8666667;0.31496063;0.49803922
v338;0.9047619;0.33510637;0.7372549
j494;0.28787878;0.0521327;0.827451
k340;0.90384614;0.30409357;0.67058825
v339;0.9027778;0.26666668;0.7058824
j495;0.23809524;0.035532996;0.77254903
k343;0.7259259;0.22613065;0.78039217
v336;0.9264706;0.33009708;0.80784315
j496;0.5;0.014634146;0.8039216
k342;0.78930813;0.31360948;0.6627451
v337;0.9166667;0.19444445;0.84705883
j497;0.15151514;0.05263158;0.81960785
k345;0.6904762;0.30769232;0.7137255
j498;0.56666666;0.048543688;0.80784315
k344;0.7051282;0.29885057;0.68235296
j499;0.2777778;0.015789473;0.74509805
k347;0.64319247;0.3922652;0.70980394
k346;0.6822917;0.36363637;0.6901961
k349;0.6132479;0.43333334;0.7058824
k348;0.61904764;0.42777777;0.7058824
v334;0.953125;0.31219512;0.8039216
v335;0.9529915;0.38423645;0.79607844
v332;0.9711111;0.37878788;0.7764706
v333;0.98373985;0.18303572;0.8784314
v330;0.98173517;0.38020834;0.7529412
v331;0.9688889;0.38071066;0.77254903
j480;0.06321839;0.13744076;0.827451
v329;0.96153843;0.41935483;0.8509804
j481;0.055555552;0.11731844;0.7019608
j482;0.067708336;0.16842106;0.74509805
k330;0.9653465;0.5;0.7921569
v327;0.97587717;0.3438914;0.8666667
j483;0.07456141;0.2054054;0.7254902
v328;0.95539904;0.32126698;0.8666667
j484;0.083333336;0.14563107;0.80784315
k332;0.97849464;0.44285715;0.8235294
v325;0.9856322;0.27230048;0.8352941
j485;0.080000006;0.12886597;0.7607843
k331;0.9713262;0.43255815;0.84313726
v326;0.9846154;0.31707317;0.8039216
j486;0.083333336;0.11891892;0.7254902
k334;0.96268654;0.33004925;0.79607844
j487;0.1025641;0.07065217;0.72156864
k333;0.9722222;0.3919598;0.78039217
j488;0.8333333;0.010928961;0.7176471
k336;0.9526316;0.45238096;0.8235294
j489;0.5980392;0.08457711;0.7882353
k335;0.9702381;0.4097561;0.8039216
k338;0.8963964;0.36453202;0.79607844
k337;0.9289216;0.3617021;0.7372549
k339;0.9382716;0.27979276;0.75686276
v360;0.5409357;0.53271025;0.8392157
v367;0.50757575;0.10837439;0.79607844
v368;0.4679487;0.12440191;0.81960785
v365;0.53731346;0.35449734;0.7411765
v366;0.5280702;0.49222797;0.75686276
v363;0.53872055;0.5265958;0.7372549
v364;0.5376344;0.2952381;0.8235294
v361;0.5520833;0.56565654;0.7764706
v362;0.5502283;0.36138615;0.7921569
k361;0.55357146;0.7329843;0.7490196
k360;0.55;1.0;0.7058824
k363;0.5349462;0.7126437;0.68235296
k362;0.54761904;0.5989305;0.73333335
k365;0.5235405;1.0;0.69411767
v358;0.5462963;0.4017857;0.8784314
k364;0.53009254;0.84705883;0.6666667
v359;0.5473485;0.44221106;0.78039217
k367;0.512963;0.64285713;0.54901963
k366;0.51165503;0.8079096;0.69411767
k369;0.47712418;0.425;0.47058824
k368;0.49470899;0.43448275;0.5686275
v356;0.56845236;0.2580645;0.8509804
v357;0.5569106;0.43617022;0.7372549
v354;0.5733333;0.39267015;0.7490196
v355;0.5672043;0.2966507;0.81960785
v352;0.5849056;0.24766356;0.8392157
v353;0.5798611;0.23529412;0.8
v350;0.6111111;0.24;0.6862745
v351;0.5945274;0.31904763;0.8235294
k350;0.61212116;0.33950618;0.63529414
k352;0.5921569;0.4187192;0.79607844
v349;0.60370374;0.2195122;0.8039216
k351;0.60227275;0.46560848;0.7411765
k354;0.57894737;0.5588235;0.8
v347;0.627193;0.1826923;0.8156863
k353;0.5842912;0.47540984;0.7176471
v348;0.61904764;0.20114942;0.68235296
k356;0.5661765;0.6974359;0.7647059
k355;0.580303;0.5851064;0.7372549
k358;0.54421765;0.99492383;0.77254903
k357;0.55654764;0.65497077;0.67058825
k359;0.5416667;1.0;0.7372549
v381;0.23170733;0.1943128;0.827451
v382;0.23404257;0.21658987;0.8509804
v380;0.30050504;0.3815029;0.6784314
v389;0.14251208;0.30396476;0.8901961
y415;0.025641024;0.1764706;0.8666667
y414;0.016129037;0.13839285;0.8784314
v387;0.16120218;0.29326922;0.8156863
y413;0.05092593;0.15319149;0.92156863
v388;0.16145833;0.29090908;0.8627451
y412;0.025252521;0.1392405;0.92941177
v385;0.20833333;0.14432989;0.7607843
y411;0.037500005;0.16877638;0.92941177
v386;0.17204301;0.15897436;0.7647059
y410;0.05092593;0.14876033;0.9490196
k390;0.12564103;0.5263158;0.96862745
v383;0.24786325;0.2215909;0.6901961
v384;0.23563218;0.15508021;0.73333335
k381;0.275;0.42553192;0.7372549
k380;0.3067633;0.4181818;0.64705884
k383;0.21084337;0.4940476;0.65882355
k382;0.2329932;0.5268817;0.7294118
y409;0.065656565;0.1352459;0.95686275
k385;0.1867816;0.3068783;0.7411765
n411;0.028735628;0.5304878;0.6431373
y408;0.03888889;0.12875536;0.9137255
k384;0.22875817;0.30357143;0.65882355
n412;0.016203701;0.5294118;0.53333336
y407;0.065891474;0.18454936;0.9137255
k387;0.17843139;0.42929292;0.7764706
y406;0.07407407;0.18367347;0.9607843
k386;0.15777777;0.41208792;0.7137255
n410;0.039473683;0.5277778;0.5647059
y405;0.06666666;0.12295082;0.95686275
k389;0.14239483;0.47031963;0.85882354
n415;0.03174603;0.3888889;0.42352942
k388;0.15897436;0.62801933;0.8117647
n416;0.03061224;0.42982456;0.44705883
n413;0.025490195;0.5704698;0.58431375
n414;0.01741293;0.5114504;0.5137255
n419;0.009090911;0.45454547;0.4745098
n417;0.004504502;0.3592233;0.40392157
n418;0.013888885;0.48;0.49019608
v370;0.47435895;0.2826087;0.72156864
v371;0.4722222;0.52577317;0.7607843
v378;0.32291666;0.10958904;0.57254905
y404;0.074999996;0.16194332;0.96862745
v379;0.31410256;0.13471502;0.75686276
y403;0.09183673;0.20164609;0.9529412
v376;0.40123454;0.19424461;0.54509807
y402;0.08196721;0.25;0.95686275
v377;0.3166667;0.10526316;0.74509805
y401;0.0877193;0.16170213;0.92156863
v374;0.43589744;0.13065326;0.78039217
y400;0.08805031;0.22457626;0.9254902
v375;0.31547618;0.14507772;0.75686276
v372;0.43686867;0.32038835;0.80784315
v373;0.4333333;0.22959183;0.76862746
k370;0.4811828;0.32804233;0.7411765
k372;0.4457672;0.6923077;0.7137255
k371;0.4679487;1.0;0.6117647
k374;0.41242936;0.34502923;0.67058825
n400;0.07407407;0.48322147;0.58431375
k373;0.44086024;0.5502958;0.6627451
n401;0.07333333;0.5102041;0.5764706
k376;0.33333334;0.21582733;0.54509807
v369;0.4754902;0.17171717;0.7764706
k375;0.39156628;0.5253165;0.61960787
k378;0.36324787;0.2635135;0.5803922
n404;0.056122452;0.5355191;0.7176471
k377;0.29166666;0.21428572;0.65882355
n405;0.04074074;0.56962025;0.61960787
n402;0.072222225;0.6629834;0.70980394
k379;0.3233831;0.43506494;0.6039216
n403;0.06230529;0.56914896;0.7372549
n408;0.039682537;0.459854;0.5372549
n409;0.028409094;0.57894737;0.59607846
n406;0.05666666;0.6097561;0.6431373
n407;0.052631576;0.5170068;0.5764706
y437;0.5238095;0.062222224;0.88235295
y436;0.5416667;0.07339449;0.85490197
y435;0.5694444;0.05172414;0.9098039
y434;0.59090906;0.09282701;0.92941177
y433;0.5833333;0.067226894;0.93333334
y432;0.5833333;0.05106383;0.92156863
y431;0.5694444;0.055813953;0.84313726
y430;0.5916667;0.08547009;0.91764706
n430;0.59523815;0.23333333;0.47058824
n433;0.6047619;0.29411766;0.46666667
n434;0.5863095;0.47863248;0.45882353
y429;0.5769231;0.05936073;0.85882354
n431;0.5833333;0.44660193;0.40392157
y428;0.0;0.013157895;0.89411765
n432;0.57843137;0.425;0.47058824
y427;0.6666667;0.021551725;0.9098039
n437;0.54716986;0.424;0.49019608
n438;0.5416667;0.28318584;0.44313726
n435;0.5745614;0.33043477;0.4509804
n436;0.5416667;0.3030303;0.5176471
n439;0.46666667;0.104166664;0.3764706
v392;0.11413044;0.4162896;0.8666667
v393;0.09833334;0.4587156;0.85490197
v390;0.12757201;0.3360996;0.94509804
v391;0.13652483;0.40869564;0.9019608
y426;0.0;0.026548672;0.8862745
y425;0.8981482;0.08737864;0.80784315
v398;0.09322033;0.5437788;0.8509804
y424;0.90909094;0.1042654;0.827451
v399;0.08417509;0.46261683;0.8392157
y423;0.02222222;0.0625;0.9411765
v396;0.08547008;0.3939394;0.7764706
y422;0.032051284;0.11453745;0.8901961
v397;0.10344827;0.4957265;0.91764706
y421;0.9885057;0.12184874;0.93333334
v394;0.104417674;0.42131978;0.77254903
y420;0.041666668;0.052173913;0.9019608
v395;0.08571428;0.35;0.78431374
k392;0.1082621;0.53669727;0.85490197
k391;0.13084112;0.47982064;0.8745098
k394;0.102693595;0.4604651;0.84313726
k393;0.1060606;0.53070176;0.89411765
k396;0.08888888;0.49295774;0.8352941
n422;0.0;0.41666666;0.5176471
y419;0.0055555603;0.12765957;0.92156863
k395;0.08934709;0.46190476;0.8235294
n423;0.9897436;0.4248366;0.6
y418;0.0;0.13304721;0.9137255
k398;0.09126984;0.56;0.88235295
n420;0.023809522;0.45901638;0.47843137
y417;0.00757576;0.09128631;0.94509804
k397;0.10704607;0.49596775;0.972549
n421;0.002008031;0.5253165;0.61960787
y416;0.04065041;0.18636364;0.8627451
n426;0.8636364;0.09243698;0.46666667
k399;0.08080808;0.41422594;0.9372549
n427;0.81666666;0.084745765;0.4627451
n424;0.94736844;0.2992126;0.49803922
n425;0.962963;0.25714287;0.4117647
n428;0.60714287;0.12844037;0.42745098
n429;0.5897436;0.2736842;0.37254903
y451;0.13768116;0.097457625;0.9254902
y450;0.15151514;0.047210302;0.9137255
y459;0.11403509;0.08189655;0.9098039
y458;0.120370366;0.07826087;0.9019608
y457;0.111111104;0.15348837;0.84313726
y456;0.11764705;0.07083333;0.9411765
y455;0.115384616;0.114035085;0.89411765
y454;0.10869565;0.09663866;0.93333334
y453;0.12380952;0.15765765;0.87058824
y452;0.13333334;0.10775862;0.9098039
n451;0.15116279;0.3644068;0.4627451
n452;0.14285715;0.32026145;0.6
n450;0.15151514;0.31132075;0.41568628
n455;0.11403509;0.3220339;0.4627451
n456;0.0920398;0.44666666;0.5882353
n453;0.12429378;0.44360903;0.52156866
n454;0.110215046;0.4161074;0.58431375
y449;0.13725491;0.13934426;0.95686275
n459;0.0942029;0.34074074;0.5294118
n457;0.111111104;0.3084112;0.41960785
n458;0.12179487;0.2184874;0.46666667
y440;0.33333334;0.013274336;0.8862745
y448;0.36111113;0.025974026;0.90588236
y447;0.26666665;0.021645023;0.90588236
y446;0.14285715;0.060085837;0.9137255
y445;0.29166666;0.035555556;0.88235295
y444;0.45238093;0.031390134;0.8745098
y443;0.44117644;0.07589286;0.8784314
y442;0.41666666;0.025104603;0.9372549
y441;0.5092592;0.08450704;0.8352941
n440;0.5046296;0.29268292;0.48235294
n441;0.5151515;0.21782178;0.39607844
n444;0.3125;0.08;0.39215687
n445;0.36904764;0.12068965;0.45490196
n442;0.44444445;0.18072289;0.3254902
y439;0.26666665;0.021645023;0.90588236
n443;0.453125;0.26890758;0.46666667
y438;0.525641;0.060185187;0.84705883
n448;0.2105263;0.17431192;0.42745098
n449;0.16666667;0.1764706;0.33333334
n446;0.24444444;0.125;0.47058824
n447;0.21794872;0.14130434;0.36078432
y473;0.041666668;0.052173913;0.9019608
y472;0.055555552;0.13157895;0.89411765
y471;0.08024692;0.115879826;0.9137255
y470;0.07246377;0.097457625;0.9254902
y479;0.97619045;0.033980582;0.80784315
y478;0.01111111;0.06787331;0.8666667
n480;0.06666666;0.28037384;0.41960785
y477;0.047619045;0.060085837;0.9137255
n481;0.060000002;0.25510204;0.38431373
y476;0.9871795;0.05882353;0.8666667
y475;0.040000003;0.11111111;0.88235295
y474;0.047619045;0.09210526;0.89411765
n473;0.038194448;0.3243243;0.5803922
n474;0.047619045;0.3529412;0.46666667
n471;0.049645394;0.38842976;0.4745098
n472;0.03594771;0.408;0.49019608
n477;0.04065041;0.38317758;0.41960785
n478;0.019047618;0.28225806;0.4862745
n475;0.035714287;0.3888889;0.42352942
n476;0.019607842;0.28099173;0.4745098
n479;0.02222222;0.28301886;0.41568628
f500;0.33333334;0.004310345;0.9098039
y462;0.09615385;0.112068966;0.9098039
y461;0.08620689;0.11983471;0.9490196
y460;0.10833333;0.0862069;0.9098039
y469;0.06666666;0.12987013;0.90588236
y468;0.06790123;0.12107623;0.8745098
y467;0.074999996;0.093023255;0.84313726
y466;0.07638889;0.103896104;0.90588236
n470;0.046099294;0.4159292;0.44313726
y465;0.074999996;0.0862069;0.9098039
y464;0.06896552;0.12719299;0.89411765
y463;0.08064517;0.13839285;0.8784314
n462;0.07142857;0.1627907;0.3372549
n463;0.07142857;0.42608696;0.4509804
n460;0.088652484;0.376;0.49019608
n461;0.079365075;0.459854;0.5372549
n466;0.072916664;0.35820895;0.5254902
n467;0.060606062;0.26612905;0.4862745
n464;0.047619045;0.2857143;0.38431373
n465;0.059829056;0.34210527;0.44705883
n468;0.058558565;0.35576922;0.40784314
n469;0.056451607;0.46268657;0.5254902
f502;0.7083333;0.016949153;0.9254902
f501;0.0625;0.033755273;0.92941177
y495;0.19047618;0.0875;0.3137255
y494;0.45833334;0.057142857;0.27450982
y493;0.5555556;0.046153847;0.25490198
y492;0.5555556;0.0882353;0.26666668
y491;0.5833333;0.060606062;0.25882354
y490;0.59523815;0.1;0.27450982
y499;0.5;0.015151516;0.25882354
y498;0.0;0.0;0.23529412
y497;0.11904762;0.093333334;0.29411766
y496;0.5;0.037037037;0.31764707
n495;0.20833333;0.08450704;0.5568628
n496;0.46666667;0.03649635;0.5372549
n493;0.5208333;0.12903225;0.4862745
n494;0.36666667;0.071428575;0.54901963
n499;0.5;0.018867925;0.41568628
n497;0.13888888;0.083333336;0.5647059
n498;0.54761904;0.05109489;0.5372549
y484;0.08695652;0.10313901;0.8745098
y483;0.083333336;0.08;0.88235295
y482;0.06666666;0.06666667;0.88235295
y481;0.0925926;0.03930131;0.8980392
y480;0.06944445;0.050847456;0.9254902
y489;0.6111111;0.04477612;0.2627451
n491;0.5416667;0.22950819;0.47843137
y488;0.0;0.029850746;0.2627451
n492;0.5289855;0.15436241;0.58431375
y487;0.11904762;0.06481481;0.84705883
y486;0.13333334;0.02202643;0.8901961
n490;0.5689655;0.20567375;0.5529412
y485;0.0877193;0.083333336;0.89411765
n484;0.07657658;0.25694445;0.5647059
n485;0.080000006;0.22321428;0.4392157
n482;0.060606062;0.24444444;0.3529412
n483;0.06349206;0.23595506;0.34901962
n488;0.9444444;0.027027028;0.43529412
n489;0.6111111;0.08695652;0.5411765
n486;0.07017544;0.20879121;0.35686275
n487;0.0925926;0.17142858;0.4117647
g402;0.079365075;0.25099602;0.9843137
g401;0.07843137;0.27091634;0.9843137
g400;0.08717948;0.26639345;0.95686275
g409;0.06535947;0.20564516;0.972549
g408;0.06504065;0.17596567;0.9137255
g407;0.06410256;0.21399178;0.9529412
g406;0.063888885;0.24193548;0.972549
g405;0.083333336;0.20634921;0.9882353
g404;0.076719575;0.25714287;0.9607843
g403;0.07777777;0.24489796;0.9607843
g424;0.9509804;0.1491228;0.89411765
g423;0.9947917;0.1322314;0.9490196
g422;0.041666668;0.11618257;0.94509804
g421;0.97727275;0.09053498;0.9529412
g420;0.023809522;0.05957447;0.92156863
g429;0.5;0.037209302;0.84313726
g428;0.6666667;0.023809524;0.8235294
g427;0.7380952;0.032258064;0.8509804
g426;0.9814815;0.039647575;0.8901961
g425;0.89215684;0.07522124;0.8862745
g413;0.038461536;0.10612245;0.9607843
g412;0.032520324;0.17226891;0.93333334
g411;0.043333333;0.20242915;0.96862745
g410;0.05405405;0.15040651;0.9647059
g419;0.015151511;0.09128631;0.94509804
g418;0.020325204;0.17154811;0.9372549
g417;0.0;0.14347826;0.9019608
g416;0.03333333;0.14893617;0.92156863
g415;0.032051284;0.11158799;0.9137255
g414;0.040540535;0.15289256;0.9490196
g446;0.18333332;0.042918455;0.9137255
g445;0.22727275;0.04954955;0.87058824
g444;0.22727275;0.051886793;0.83137256
g443;0.34848484;0.046025105;0.9372549
g442;0.33333334;0.042918455;0.9137255
g441;0.4393939;0.04761905;0.90588236
g440;0.4871795;0.059907835;0.8509804
g449;0.14215685;0.13709678;0.972549
g448;0.1547619;0.06113537;0.8980392
g447;0.2121212;0.048245613;0.89411765
g435;0.5648148;0.077586204;0.9098039
g434;0.5984848;0.09282701;0.92941177
g433;0.5984848;0.096491225;0.89411765
g432;0.5769231;0.112068966;0.9098039
g431;0.5648148;0.15384616;0.91764706
g430;0.59090906;0.09282701;0.92941177
g439;0.4047619;0.03153153;0.87058824
g438;0.5444445;0.06880734;0.85490197
g437;0.54597706;0.12288135;0.9254902
g436;0.5333333;0.11415525;0.85882354
g468;0.06818182;0.09565217;0.9019608
h316;0.052188557;0.38976377;0.99607843
g467;0.08045977;0.12446352;0.9137255
h317;0.05238095;0.27667984;0.99215686
g466;0.08510638;0.20614035;0.89411765
h318;0.03005465;0.2520661;0.9490196
g465;0.07692307;0.17030568;0.8980392
h319;0.037037034;0.18072289;0.9764706
g464;0.083333336;0.10212766;0.92156863
g463;0.083333336;0.12711865;0.9254902
g462;0.083333336;0.13445379;0.93333334
g461;0.083333336;0.16170213;0.92156863
g460;0.10144927;0.19742489;0.9137255
s310;0.07534247;0.65178573;0.8784314
s305;0.09205427;0.7107438;0.9490196
s304;0.10285285;0.8951613;0.972549
s307;0.09320176;0.6031746;0.9882353
s306;0.1002045;0.659919;0.96862745
s301;0.12330624;0.50617284;0.9529412
s300;0.118181825;0.6818182;0.9490196
s303;0.103839435;0.77959186;0.9607843
s302;0.11732456;0.6386555;0.93333334
h310;0.098566316;0.36614174;0.99607843
h311;0.0970696;0.35686275;1.0
h312;0.067129634;0.2868526;0.9843137
s309;0.07849463;0.7673267;0.7921569
h313;0.06918239;0.21115538;0.9843137
s308;0.0990099;0.7921569;1.0
h314;0.07017544;0.304;0.98039216
g469;0.060606062;0.14042553;0.92156863
h315;0.06007752;0.3372549;1.0
g457;0.11333334;0.11013216;0.8901961
h305;0.10135135;0.296;0.98039216
g456;0.117117114;0.15163934;0.95686275
h306;0.097883604;0.24901186;0.99215686
g455;0.12745099;0.0720339;0.9254902
h307;0.09956709;0.30677292;0.9843137
g454;0.11481482;0.19148937;0.92156863
h308;0.096590914;0.3478261;0.99215686
g453;0.11904762;0.15350877;0.89411765
h309;0.088652484;0.187251;0.9843137
g452;0.13725491;0.14847161;0.8980392
g451;0.15384616;0.112068966;0.9098039
g450;0.15789475;0.084070794;0.8862745
h300;0.12100456;0.28968254;0.9882353
h301;0.12612613;0.2936508;0.9882353
h302;0.11797753;0.3531746;0.9882353
g459;0.1;0.1521739;0.9019608
h303;0.115686275;0.33333334;1.0
g458;0.097701155;0.13063063;0.87058824
h304;0.11631944;0.3764706;1.0
h338;0.9074074;0.15319149;0.92156863
g489;0.6025641;0.061032865;0.8352941
h339;0.9310345;0.1277533;0.8901961
g488;0.72222227;0.014218009;0.827451
g487;0.111111104;0.05479452;0.85882354
g486;0.09722223;0.05479452;0.85882354
g485;0.10714286;0.060085837;0.9137255
g484;0.0925926;0.07826087;0.9019608
g483;0.072916664;0.07511737;0.8352941
g482;0.083333336;0.052401748;0.8980392
s330;0.98214287;0.5121951;0.6431373
g481;0.05952381;0.065727696;0.8352941
g480;0.06666666;0.08658009;0.90588236
s332;0.97389555;0.46629214;0.69803923
s331;0.97590363;0.46368715;0.7019608
s327;0.98623854;0.55050504;0.7764706
s326;0.9886364;0.48618785;0.70980394
s329;0.9610592;0.535;0.78431374
s328;0.9652778;0.47524753;0.7921569
s323;0.9876543;0.5294118;0.8
s322;0.9836066;0.5980392;0.8
s325;0.9874552;0.51666665;0.7058824
s324;0.98039216;0.56398106;0.827451
h330;0.95238096;0.3004292;0.9137255
h331;0.9633333;0.20833333;0.9411765
h332;0.9736842;0.2446352;0.9137255
h333;0.9714286;0.1521739;0.9019608
h334;0.9708333;0.17167382;0.9137255
h335;0.9814815;0.15;0.9411765
h336;0.9528302;0.22268908;0.93333334
h337;0.9375;0.13333334;0.9411765
g479;0.029411763;0.074235804;0.8980392
h327;0.97357726;0.35042736;0.91764706
g478;0.0;0.05676856;0.8980392
h328;0.9661017;0.24686192;0.9372549
g477;0.04320988;0.116883114;0.90588236
h329;0.9569892;0.25409836;0.95686275
g476;0.023809522;0.08898305;0.9254902
g475;0.04347826;0.0982906;0.91764706
g474;0.052631576;0.084070794;0.8862745
g473;0.05128205;0.1748879;0.8745098
g472;0.0483871;0.13419913;0.90588236
g471;0.06410256;0.1106383;0.92156863
g470;0.08064517;0.12916666;0.9411765
s321;0.0077519417;0.47777778;0.7058824
s320;0.014784942;0.56363636;0.8627451
s316;0.03132832;0.61290324;0.8509804
s315;0.053884715;0.6363636;0.81960785
s318;0.030158728;0.54404145;0.75686276
s317;0.033625733;0.64772725;0.6901961
s312;0.06578947;0.6359833;0.9372549
s311;0.07177615;0.6284404;0.85490197
s314;0.052154195;0.6282051;0.91764706
s313;0.056644876;0.64285713;0.93333334
h320;0.03333333;0.24691358;0.9529412
h321;0.02222222;0.18367347;0.9607843
h322;0.0029761891;0.2248996;0.9764706
j500;0.56060606;0.053140096;0.8117647
h323;0.0;0.20647773;0.96862745
j501;0.013888885;0.057416268;0.81960785
h324;0.991453;0.31836733;0.9607843
j502;0.7291667;0.036363635;0.8627451
s319;0.020249218;0.504717;0.83137256
h325;0.99425286;0.23673469;0.9607843
h326;0.99061036;0.31555554;0.88235295
s352;0.58870965;0.34254143;0.70980394
s351;0.5918803;0.41489363;0.7372549
s354;0.5833333;0.5508982;0.654902
s353;0.5863454;0.44148937;0.7372549
s350;0.6212122;0.24264705;0.53333336
s349;0.60057473;0.30851063;0.7372549
s348;0.61904764;0.2857143;0.5764706
s345;0.6958334;0.24096386;0.6509804
s344;0.6884058;0.25842696;0.69803923
h350;0.6095238;0.15418503;0.8901961
s347;0.63120574;0.29746836;0.61960787
h351;0.5849056;0.23043478;0.9019608
s346;0.65185183;0.2866242;0.6156863
h352;0.58064514;0.13537118;0.8980392
h353;0.58527136;0.1936937;0.87058824
h354;0.56666666;0.21929824;0.89411765
h355;0.5696203;0.35267857;0.8784314
h356;0.5710785;0.29565218;0.9019608
h357;0.5538461;0.2850877;0.89411765
h358;0.54651165;0.18695652;0.9019608
h359;0.55172414;0.2532751;0.8980392
h349;0.6069183;0.24537037;0.84705883
g499;0.2777778;0.013513514;0.87058824
g498;0.5333333;0.022123894;0.8862745
g497;0.14285715;0.030172413;0.9098039
g496;0.5;0.00877193;0.89411765
g495;0.2;0.022624435;0.8666667
g494;0.26666665;0.02173913;0.9019608
g493;0.4722222;0.025751073;0.9137255
s341;0.877451;0.24285714;0.54901963
g492;0.5416667;0.017621145;0.8901961
s340;0.8875;0.29411766;0.53333336
g491;0.5;0.026086956;0.9019608
s343;0.73504275;0.25;0.6117647
g490;0.5555556;0.067567565;0.87058824
s342;0.7833333;0.25974026;0.6039216
s338;0.9212963;0.42105263;0.67058825
s337;0.91818184;0.28795812;0.7490196
s339;0.9247312;0.4161074;0.58431375
s334;0.9516908;0.44805196;0.6039216
s333;0.9797297;0.38743454;0.7490196
s336;0.93248945;0.4759036;0.6509804
h340;0.908046;0.12946428;0.8784314
s335;0.94512194;0.46067417;0.69803923
h341;0.828125;0.16410257;0.7647059
h342;0.7903226;0.14220184;0.85490197
h343;0.74404764;0.12556054;0.8745098
h344;0.67424244;0.097345136;0.8862745
h345;0.70707065;0.1460177;0.8862745
h346;0.68095237;0.15350877;0.89411765
h347;0.6367521;0.17256637;0.8862745
h348;0.6148148;0.20179372;0.8745098
k408;0.048109967;0.48258707;0.7882353
k407;0.057142854;0.49763033;0.827451
k409;0.040540535;0.59358287;0.73333335
s374;0.43229166;0.1904762;0.65882355
v400;0.08225108;0.36320755;0.83137256
s373;0.44753087;0.38297874;0.5529412
v401;0.07916667;0.40816328;0.76862746
s376;0.41666666;0.22807017;0.44705883
s375;0.35470083;0.24223602;0.6313726
s370;0.480226;0.40136054;0.5764706
s372;0.4422442;0.5611111;0.7058824
s371;0.47619048;1.0;0.6313726
h370;0.45833334;0.12556054;0.8745098
s367;0.5087719;0.22093023;0.6745098
h371;0.46666667;0.30837005;0.8901961
s366;0.5209877;0.9310345;0.5686275
h372;0.43421054;0.16521738;0.9019608
s369;0.484375;0.19631901;0.6392157
h373;0.42333332;0.22123894;0.8862745
s368;0.48245612;0.24675325;0.6039216
h374;0.4144144;0.16818182;0.8627451
k400;0.0781711;0.53554505;0.827451
h375;0.35144925;0.2090909;0.8627451
h376;0.3125;0.114832535;0.81960785
k402;0.07575757;0.5814978;0.8901961
h377;0.3148148;0.08450704;0.8352941
k401;0.08123249;0.5833333;0.8
h378;0.29885057;0.1324201;0.85882354
k404;0.066066064;0.5186916;0.8392157
h379;0.26271185;0.26696834;0.8666667
k403;0.07165109;0.4885845;0.85882354
k406;0.060060065;0.49333334;0.88235295
k405;0.06270627;0.46330276;0.85490197
s363;0.5356125;0.7647059;0.6
s362;0.55701756;0.5100671;0.58431375
s365;0.5416667;0.5986394;0.5764706
s364;0.534153;0.7176471;0.6666667
s361;0.5539215;0.73913044;0.5411765
s360;0.5424242;1.0;0.64705884
s359;0.5530973;0.75333333;0.5882353
s356;0.56578946;0.39175257;0.7607843
h360;0.5390071;0.3983051;0.9254902
s355;0.580756;0.5480226;0.69411767
h361;0.5416667;0.31858408;0.8862745
s358;0.55;0.5970149;0.7882353
h362;0.5467836;0.2638889;0.84705883
s357;0.56666666;0.5859375;0.5019608
h363;0.53769845;0.37004405;0.8901961
h364;0.53594774;0.22566372;0.8862745
h365;0.5370371;0.31034482;0.9098039
h366;0.5163934;0.27477476;0.87058824
h367;0.51449275;0.23115578;0.78039217
h368;0.48924732;0.13963965;0.87058824
h369;0.48148146;0.17910448;0.7882353
k429;0.5735294;0.20987654;0.63529414
s390;0.12698413;0.4525862;0.9098039
s396;0.083333336;0.4939759;0.6509804
v422;0.004273504;0.20855615;0.73333335
s395;0.08860759;0.4463277;0.69411767
v423;0.9666667;0.21634616;0.8156863
s398;0.092;0.6097561;0.8039216
v420;0.029914528;0.22285715;0.6862745
s397;0.10191846;0.63761467;0.85490197
v421;0.9932432;0.37563452;0.77254903
s392;0.10555556;0.5940594;0.7921569
s391;0.13725491;0.49514562;0.80784315
s394;0.1;0.5214724;0.6392157
s393;0.09708738;0.515;0.78431374
v419;0.996732;0.26984128;0.7411765
h390;0.13383839;0.26190478;0.9882353
v417;0.018518517;0.19565217;0.72156864
h391;0.13137256;0.3601695;0.9254902
v418;0.01449275;0.36898395;0.73333335
h392;0.11403509;0.39583334;0.9411765
s389;0.13857678;0.4063927;0.85882354
v415;0.030303031;0.44295302;0.58431375
h393;0.10555556;0.36144578;0.9764706
s388;0.16210045;0.3492823;0.81960785
v416;0.034591198;0.27748692;0.7490196
h394;0.099415205;0.2394958;0.93333334
k420;0.99751246;0.34536082;0.7607843
v413;0.02314815;0.36;0.78431374
h395;0.09302326;0.36134455;0.93333334
v414;0.01058201;0.35;0.7058824
h396;0.09047619;0.28225806;0.972549
k422;0.9973545;0.34054053;0.7254902
h397;0.1118421;0.30278885;0.9843137
k421;0.9817708;0.31527093;0.79607844
h398;0.09343434;0.275;0.9411765
k424;0.9502924;0.3275862;0.68235296
h399;0.08805031;0.21544716;0.9647059
k423;0.9652778;0.40677965;0.69411767
k426;0.90625;0.09815951;0.6392157
k425;0.9166667;0.2837838;0.5803922
k428;0.62745094;0.11111111;0.6
k427;0.7888889;0.09146342;0.6431373
k419;0.0;0.3480663;0.70980394
k418;0.002192984;0.41530055;0.7176471
s385;0.20202021;0.22297297;0.5803922
v411;0.034391534;0.2850679;0.8666667
s384;0.22685187;0.2195122;0.6431373
v412;0.024193546;0.30392158;0.8
s387;0.1764706;0.4071856;0.654902
s386;0.16666667;0.23255815;0.6745098
v410;0.042253524;0.3480392;0.8
s381;0.23129253;0.27071825;0.70980394
s380;0.31282052;0.4248366;0.6
s383;0.25641027;0.27857143;0.54901963
s382;0.23383085;0.3401015;0.77254903
v408;0.046666663;0.23255815;0.84313726
v409;0.050595235;0.4869565;0.9019608
v406;0.0625;0.52;0.78431374
h380;0.29710147;0.33658537;0.8039216
v407;0.06150794;0.4329897;0.7607843
h381;0.25157234;0.22943723;0.90588236
s378;0.34615386;0.125;0.40784314
v404;0.06439394;0.37768242;0.9137255
h382;0.22222221;0.19067797;0.9254902
s377;0.3703704;0.26086956;0.5411765
v405;0.054982822;0.45539907;0.8352941
h383;0.21296294;0.16071428;0.8784314
v402;0.07731959;0.4409091;0.8627451
h384;0.23913042;0.1040724;0.8666667
s379;0.34946236;0.19496855;0.62352943
v403;0.07407407;0.4909091;0.8627451
h385;0.1875;0.13793103;0.9098039
k411;0.03582554;0.49537036;0.84705883
h386;0.15416667;0.17699115;0.8862745
k410;0.03804348;0.46;0.78431374
h387;0.16666667;0.25110132;0.8901961
k413;0.02898551;0.49197862;0.73333335
h388;0.15753424;0.30801687;0.92941177
k412;0.019713262;0.44927537;0.8117647
h389;0.14784946;0.26271185;0.9254902
k415;0.023809522;0.3482587;0.7882353
k414;0.01744186;0.4278607;0.7882353
k417;0.009661834;0.42857143;0.6313726
k416;0.01111111;0.3468208;0.6784314
v444;0.3703704;0.057692308;0.6117647
v445;0.31111112;0.0872093;0.6745098
v442;0.42982456;0.094527364;0.7882353
v443;0.46666667;0.19125684;0.7176471
v440;0.47619048;0.07106599;0.77254903
v441;0.5;0.1736111;0.5647059
v439;0.45000002;0.05102041;0.76862746
k440;0.47849464;0.19254659;0.6313726
v437;0.5486111;0.24;0.78431374
v438;0.53787875;0.12716763;0.6784314
k442;0.44791666;0.21768707;0.5764706
v435;0.5686274;0.1761658;0.75686276
k441;0.47777775;0.18292683;0.6431373
v436;0.54761904;0.14213198;0.77254903
k444;0.35714284;0.10294118;0.53333336
k443;0.43840578;0.33333334;0.5411765
k446;0.1851852;0.10650887;0.6627451
k445;0.28703704;0.119205296;0.5921569
k448;0.20238094;0.17283951;0.63529414
k447;0.19444446;0.14723927;0.6392157
k449;0.18333332;0.21428572;0.54901963
v433;0.56837606;0.1902439;0.8039216
v434;0.5808081;0.36666667;0.7058824
v431;0.57954544;0.25882354;0.6666667
v432;0.5585585;0.19170985;0.75686276
v430;0.59523815;0.103960395;0.7921569
v428;0.64285713;0.03517588;0.78039217
v429;0.5740741;0.10169491;0.69411767
v426;0.8541667;0.04232804;0.7411765
s399;0.08090615;0.54210526;0.74509805
v427;0.72222227;0.04522613;0.78039217
k431;0.5717592;0.46753246;0.6039216
v424;0.9190476;0.20588236;0.6666667
k430;0.59420294;0.22115384;0.8156863
v425;0.9195402;0.2;0.5686275
k433;0.5892857;0.29787233;0.7372549
k432;0.5771144;0.37016574;0.70980394
k435;0.57213926;0.36813188;0.7137255
k434;0.58730155;0.20487805;0.8039216
k437;0.5509804;0.56666666;0.5882353
k436;0.5576923;0.3190184;0.6392157
k439;0.46875;0.09756097;0.6431373
k438;0.53418803;0.23493975;0.6509804
v466;0.081560284;0.24479167;0.7529412
v467;0.067708336;0.20779221;0.6039216
v464;0.059259254;0.25714287;0.6862745
v465;0.06746032;0.22340426;0.7372549
v462;0.08838383;0.3127962;0.827451
v463;0.08187134;0.30481285;0.73333335
v460;0.09863945;0.2620321;0.73333335
v461;0.077586204;0.2761905;0.8235294
k460;0.08974359;0.3561644;0.57254905
k462;0.06122449;0.40163934;0.47843137
v459;0.1;0.20100503;0.78039217
k461;0.078947365;0.4;0.74509805
k464;0.06321839;0.32222223;0.7058824
l311;0.08720931;0.71666664;0.9411765
v457;0.10852713;0.27388534;0.6156863
k463;0.07511737;0.3622449;0.76862746
l310;0.08863199;0.68379444;0.99215686
v458;0.11728395;0.1377551;0.76862746
k466;0.06716418;0.3895349;0.6745098
l313;0.055900622;0.6313726;1.0
k465;0.057291668;0.38554215;0.6509804
l312;0.06753812;0.60714287;0.9882353
k468;0.06597222;0.30379745;0.61960787
l315;0.04554866;0.6969697;0.90588236
k467;0.0620915;0.34;0.5882353
l314;0.056962024;0.6752137;0.91764706
l317;0.030769229;0.5726872;0.8901961
k469;0.06392694;0.38624337;0.7411765
l316;0.031111112;0.6756757;0.87058824
l319;0.015350878;0.4903226;0.60784316
l318;0.029166669;0.6060606;0.7764706
l309;0.08422939;0.7322835;0.99607843
v455;0.114583336;0.29090908;0.64705884
v456;0.0982906;0.3768116;0.8117647
v453;0.12169311;0.3442623;0.7176471
v454;0.120000005;0.23474178;0.8352941
v451;0.13414635;0.20812182;0.77254903
v452;0.12585033;0.23222749;0.827451
v450;0.14942528;0.14871795;0.7647059
k451;0.1509434;0.29444444;0.7058824
v448;0.22916667;0.09142857;0.6862745
k450;0.13030303;0.33742332;0.6392157
v449;0.1602564;0.15028901;0.6784314
k453;0.121212125;0.42038217;0.6156863
l300;0.12480974;0.85882354;1.0
v446;0.1754386;0.0974359;0.7647059
k452;0.12820514;0.3939394;0.64705884
v447;0.21794872;0.073033705;0.69803923
k455;0.12654321;0.30167598;0.7019608
l302;0.11959877;0.84705883;1.0
k454;0.118473895;0.4770115;0.68235296
l301;0.11944445;0.7058824;1.0
k457;0.115079366;0.25454545;0.64705884
l304;0.10481099;0.7607843;1.0
k456;0.09961686;0.44615385;0.7647059
l303;0.1017094;0.7677165;0.99607843
k459;0.09562842;0.3505747;0.68235296
l306;0.091617934;0.67058825;1.0
k458;0.10204082;0.2848837;0.6745098
l305;0.09793814;0.7607843;1.0
l308;0.095;0.78431374;1.0
l307;0.09722223;0.65882355;1.0
v480;0.06410256;0.1262136;0.80784315
v481;0.03333333;0.07936508;0.7411765
v488;0.8888889;0.03846154;0.30588236
v489;0.6282051;0.13;0.39215687
v486;0.0877193;0.10326087;0.72156864
v487;0.10714286;0.07368421;0.74509805
v484;0.08928571;0.14358975;0.7647059
v485;0.0925926;0.097826086;0.72156864
v482;0.06896552;0.15675676;0.7254902
v483;0.083333336;0.14130434;0.72156864
k480;0.068376064;0.21311475;0.7176471
k482;0.07264957;0.2516129;0.60784316
k481;0.055555552;0.13125;0.627451
k484;0.081081085;0.2;0.7254902
l331;0.9724919;0.56284153;0.7176471
k483;0.07456141;0.23602484;0.6313726
l330;0.97727275;0.59782606;0.72156864
k486;0.083333336;0.13414635;0.6431373
l333;0.9799197;0.46892655;0.69411767
v479;0.027777782;0.14371258;0.654902
k485;0.08024692;0.16875;0.627451
l332;0.9848485;0.55;0.7058824
k488;0.77777773;0.018072288;0.6509804
l335;0.9649123;0.5191257;0.7176471
k487;0.1025641;0.078313254;0.6509804
l334;0.9700855;0.4785276;0.6392157
l337;0.9337607;0.47272727;0.64705884
k489;0.6111111;0.07978723;0.7372549
l336;0.9537954;0.5430108;0.7294118
l339;0.9311111;0.4601227;0.6392157
l338;0.90613025;0.5;0.68235296
v470;0.056910563;0.1943128;0.827451
v477;0.052631576;0.2389937;0.62352943
v478;0.012820512;0.1436464;0.70980394
y502;0.9166667;0.057971016;0.27058825
v475;0.037037034;0.1865285;0.75686276
y501;0.03333333;0.071428575;0.27450982
v476;0.01724138;0.18012422;0.6313726
y500;0.57142854;0.08235294;0.33333334
v473;0.041666668;0.1632653;0.76862746
v474;0.038095236;0.18716578;0.73333335
v471;0.05;0.27027026;0.7254902
v472;0.047169816;0.28648648;0.7254902
k471;0.050505053;0.36871508;0.7019608
k470;0.05787037;0.38918918;0.7254902
k473;0.036458332;0.38554215;0.6509804
l320;0.0127226515;0.5954546;0.8627451
k472;0.041666668;0.37869823;0.6627451
n500;0.5729167;0.101265825;0.61960787
k475;0.035714287;0.44025156;0.62352943
l322;0.9945355;0.578199;0.827451
v468;0.06296296;0.31914893;0.5529412
k474;0.041666668;0.36619717;0.5568628
l321;0.016927084;0.60952383;0.8235294
v469;0.06481481;0.2596154;0.8156863
k477;0.023333332;0.32894737;0.59607846
l324;0.98790324;0.56363636;0.8627451
k476;0.019607842;0.3227848;0.61960787
l323;0.0;0.5972222;0.84705883
k479;0.028571427;0.20467836;0.67058825
l326;0.998366;0.5543478;0.72156864
n501;0.9814815;0.08181818;0.43137255
k478;0.01111111;0.19607843;0.6
l325;0.9858757;0.58128077;0.79607844
n502;0.8541667;0.05882353;0.53333336
l328;0.9813218;0.537037;0.84705883
l327;0.9858974;0.6132075;0.83137256
l329;0.9752066;0.60199004;0.7882353
l351;0.6086142;0.53614455;0.6509804
l350;0.6166666;0.37878788;0.5176471
l353;0.60045666;0.5289855;0.5411765
l352;0.59876543;0.5192308;0.6117647
l355;0.586478;0.64634144;0.6431373
l354;0.5771144;0.7745665;0.6784314
l357;0.5635739;0.6736111;0.5647059
l356;0.5680751;0.85542166;0.6509804
l359;0.54761904;1.0;0.6313726
l358;0.55253625;1.0;0.72156864
v491;0.5588235;0.19101124;0.34901962
v492;0.5333333;0.17391305;0.4509804
v490;0.57051283;0.22222222;0.45882353
v499;0.5833333;0.025641026;0.30588236
v497;0.16666667;0.055045873;0.42745098
v498;0.5555556;0.08035714;0.4392157
v495;0.21666665;0.09009009;0.43529412
v496;0.5;0.037037037;0.42352942
v493;0.530303;0.125;0.34509805
v494;0.35714284;0.072916664;0.3764706
k491;0.54320985;0.14285715;0.7411765
k490;0.57738096;0.1521739;0.72156864
k493;0.4333333;0.056818184;0.6901961
l340;0.9074074;0.3529412;0.6
k492;0.54761904;0.07253886;0.75686276
k495;0.20370372;0.049723756;0.70980394
l342;0.7857143;0.37692308;0.50980395
k494;0.2820513;0.065656565;0.7764706
l341;0.8697917;0.3018868;0.41568628
k497;0.16666667;0.045918368;0.76862746
l344;0.70261437;0.35416666;0.5647059
k496;0.44444445;0.015873017;0.7411765
l343;0.73636365;0.32352942;0.6666667
k499;0.33333334;0.011627907;0.6745098
l346;0.67777777;0.3846154;0.45882353
k498;0.5694444;0.060606062;0.7764706
l345;0.6875;0.37086093;0.5921569
l348;0.6233766;0.46385542;0.6509804
l347;0.6452381;0.44585988;0.6156863
l349;0.61603373;0.47878787;0.64705884
l380;0.31127453;0.46258503;0.5764706
l371;0.4763889;1.0;0.47058824
l370;0.4741784;0.5298507;0.5254902
l373;0.44845363;0.6689655;0.5686275
l372;0.45333335;1.0;0.5882353
l375;0.3991228;0.55474454;0.5372549
l374;0.4138889;0.4;0.5882353
l377;0.32323232;0.28695652;0.4509804
l376;0.3271605;0.2347826;0.4509804
l379;0.35128203;0.5416667;0.47058824
l378;0.36274508;0.28333333;0.47058824
l360;0.58058614;0.728;0.49019608
l362;0.5502873;0.7785235;0.58431375
l361;0.5570571;0.7350993;0.5921569
l364;0.52873564;1.0;0.5686275
l363;0.53688526;0.85915494;0.5568628
l366;0.5113378;1.0;0.5764706
l365;0.5259009;1.0;0.5803922
l368;0.49435028;0.49166667;0.47058824
l367;0.50471693;1.0;0.41568628
l369;0.4754902;0.45333335;0.29411766
l393;0.09971509;0.54672897;0.8392157
l392;0.10451978;0.6145833;0.7529412
l395;0.08503401;0.5240642;0.73333335
l394;0.10057471;0.62702703;0.7254902
l397;0.10218254;0.68016195;0.96862745
l396;0.081761;0.53807104;0.77254903
l399;0.08024692;0.52427185;0.80784315
l398;0.09219858;0.67142856;0.8235294
l391;0.12772585;0.51941746;0.80784315
l390;0.12942272;0.7782609;0.9019608
l382;0.24919093;0.6242424;0.64705884
l381;0.2951807;0.5684931;0.57254905
l384;0.23397438;0.36619717;0.5568628
l383;0.22463767;0.6216216;0.5803922
l386;0.15226337;0.53289473;0.59607846
l385;0.17272727;0.40145984;0.5372549
l388;0.16421568;0.7046632;0.75686276
l387;0.17028987;0.54761904;0.65882355
l389;0.14476885;0.68844223;0.78039217
g501;0.018518517;0.038961038;0.90588236
g500;0.5416667;0.017857144;0.8784314
g502;0.6666667;0.017167382;0.9137255
h415;0.017543862;0.1637931;0.9098039
h416;0.019379845;0.18859649;0.89411765
h417;0.007936507;0.1971831;0.8352941
h418;0.00862069;0.25;0.9098039
h419;0.0;0.15789473;0.89411765
s404;0.058419246;0.49489796;0.76862746
s403;0.067567565;0.53110045;0.81960785
s406;0.060747664;0.60795456;0.6901961
s405;0.049504947;0.53723407;0.7372549
s400;0.07647058;0.44973546;0.7411765
s402;0.07421875;0.6183575;0.8117647
s401;0.07594937;0.4817073;0.6431373
h410;0.046666663;0.20746888;0.94509804
h411;0.038812786;0.30543932;0.9372549
s408;0.04292929;0.33502537;0.77254903
h412;0.025641024;0.22413793;0.9098039
s407;0.054307114;0.5329341;0.654902
h413;0.02614379;0.21982759;0.9098039
h414;0.039855074;0.19327731;0.93333334
s409;0.039755356;0.63372093;0.6745098
h404;0.070512824;0.32231405;0.9490196
h405;0.06779661;0.24180327;0.95686275
h406;0.057017546;0.3089431;0.9647059
h407;0.058974355;0.27542374;0.9254902
h408;0.05974843;0.23043478;0.9019608
h409;0.05844156;0.31687242;0.9529412
h400;0.08232931;0.3531915;0.92156863
h401;0.08052435;0.38362068;0.9098039
h402;0.077922076;0.308;0.98039216
h403;0.075555556;0.31120333;0.94509804
